mundial,posicion,seleccion,etapa,pts,pj,pg,pe,pp,gf,gc,dif,url,fecha_scraping
2022,1,Argentina,Final,14,7,4,2,1,15,8,7,https://www.losmundialesdefutbol.com/mundiales/2022_posiciones_finales.php,2026-03-16T22:24:02.305178
2022,2,Francia,Final,16,7,5,1,1,16,8,8,https://www.losmundialesdefutbol.com/mundiales/2022_posiciones_finales.php,2026-03-16T22:24:02.305178
2022,3,Croacia,Partido 3er Puesto,10,7,2,4,1,8,7,1,https://www.losmundialesdefutbol.com/mundiales/2022_posiciones_finales.php,2026-03-16T22:24:02.305178
2022,4,Marruecos,Partido 3er Puesto,11,7,3,2,2,6,5,1,https://www.losmundialesdefutbol.com/mundiales/2022_posiciones_finales.php,2026-03-16T22:24:02.305178
2022,5,Paises Bajos,Cuartos de Final,11,5,3,2,0,10,4,6,https://www.losmundialesdefutbol.com/mundiales/2022_posiciones_finales.php,2026-03-16T22:24:02.305178
2022,6,Inglaterra,Cuartos de Final,10,5,3,1,1,13,4,9,https://www.losmundialesdefutbol.com/mundiales/2022_posiciones_finales.php,2026-03-16T22:24:02.305178
2022,7,Brasil,Cuartos de Final,10,5,3,1,1,8,3,5,https://www.losmundialesdefutbol.com/mundiales/2022_posiciones_finales.php,2026-03-16T22:24:02.305178
2022,8,Portugal,Cuartos de Final,9,5,3,0,2,12,6,6,https://www.losmundialesdefutbol.com/mundiales/2022_posiciones_finales.php,2026-03-16T22:24:02.305178
2022,9,Japón,Octavos de Final,7,4,2,1,1,5,4,1,https://www.losmundialesdefutbol.com/mundiales/2022_posiciones_finales.php,2026-03-16T22:24:02.305178
2022,10,Senegal,Octavos de Final,6,4,2,0,2,5,7,-2,https://www.losmundialesdefutbol.com/mundiales/2022_posiciones_finales.php,2026-03-16T22:24:02.305178
2022,11,Australia,Octavos de Final,6,4,2,0,2,4,6,-2,https://www.losmundialesdefutbol.com/mundiales/2022_posiciones_finales.php,2026-03-16T22:24:02.305178
2022,12,Suiza,Octavos de Final,6,4,2,0,2,5,9,-4,https://www.losmundialesdefutbol.com/mundiales/2022_posiciones_finales.php,2026-03-16T22:24:02.305178
2022,13,España,Octavos de Final,5,4,1,2,1,9,3,6,https://www.losmundialesdefutbol.com/mundiales/2022_posiciones_finales.php,2026-03-16T22:24:02.305178
2022,14,Estados Unidos,Octavos de Final,5,4,1,2,1,3,4,-1,https://www.losmundialesdefutbol.com/mundiales/2022_posiciones_finales.php,2026-03-16T22:24:02.305178
2022,15,Polonia,Octavos de Final,4,4,1,1,2,3,5,-2,https://www.losmundialesdefutbol.com/mundiales/2022_posiciones_finales.php,2026-03-16T22:24:02.305178
2022,16,Corea del Sur,Octavos de Final,4,4,1,1,2,5,8,-3,https://www.losmundialesdefutbol.com/mundiales/2022_posiciones_finales.php,2026-03-16T22:24:02.305178
2022,17,Alemania,Grupos 1ra Ronda,4,3,1,1,1,6,5,1,https://www.losmundialesdefutbol.com/mundiales/2022_posiciones_finales.php,2026-03-16T22:24:02.305178
2022,18,Ecuador,Grupos 1ra Ronda,4,3,1,1,1,4,3,1,https://www.losmundialesdefutbol.com/mundiales/2022_posiciones_finales.php,2026-03-16T22:24:02.305178
2022,19,Camerún,Grupos 1ra Ronda,4,3,1,1,1,4,4,0,https://www.losmundialesdefutbol.com/mundiales/2022_posiciones_finales.php,2026-03-16T22:24:02.305178
2022,20,Uruguay,Grupos 1ra Ronda,4,3,1,1,1,2,2,0,https://www.losmundialesdefutbol.com/mundiales/2022_posiciones_finales.php,2026-03-16T22:24:02.305178
2022,21,Túnez,Grupos 1ra Ronda,4,3,1,1,1,1,1,0,https://www.losmundialesdefutbol.com/mundiales/2022_posiciones_finales.php,2026-03-16T22:24:02.305178
2022,22,México,Grupos 1ra Ronda,4,3,1,1,1,2,3,-1,https://www.losmundialesdefutbol.com/mundiales/2022_posiciones_finales.php,2026-03-16T22:24:02.305178
2022,23,Bélgica,Grupos 1ra Ronda,4,3,1,1,1,1,2,-1,https://www.losmundialesdefutbol.com/mundiales/2022_posiciones_finales.php,2026-03-16T22:24:02.305178
2022,24,Ghana,Grupos 1ra Ronda,3,3,1,0,2,5,7,-2,https://www.losmundialesdefutbol.com/mundiales/2022_posiciones_finales.php,2026-03-16T22:24:02.305178
2022,25,Arabia Saudita,Grupos 1ra Ronda,3,3,1,0,2,3,5,-2,https://www.losmundialesdefutbol.com/mundiales/2022_posiciones_finales.php,2026-03-16T22:24:02.305178
2022,26,Irán,Grupos 1ra Ronda,3,3,1,0,2,4,7,-3,https://www.losmundialesdefutbol.com/mundiales/2022_posiciones_finales.php,2026-03-16T22:24:02.305178
2022,27,Costa Rica,Grupos 1ra Ronda,3,3,1,0,2,3,11,-8,https://www.losmundialesdefutbol.com/mundiales/2022_posiciones_finales.php,2026-03-16T22:24:02.305178
2022,28,Dinamarca,Grupos 1ra Ronda,1,3,0,1,2,1,3,-2,https://www.losmundialesdefutbol.com/mundiales/2022_posiciones_finales.php,2026-03-16T22:24:02.305178
2022,29,Serbia,Grupos 1ra Ronda,1,3,0,1,2,5,8,-3,https://www.losmundialesdefutbol.com/mundiales/2022_posiciones_finales.php,2026-03-16T22:24:02.305178
2022,30,Gales,Grupos 1ra Ronda,1,3,0,1,2,1,6,-5,https://www.losmundialesdefutbol.com/mundiales/2022_posiciones_finales.php,2026-03-16T22:24:02.305178
2022,31,Canadá,Grupos 1ra Ronda,0,3,0,0,3,2,7,-5,https://www.losmundialesdefutbol.com/mundiales/2022_posiciones_finales.php,2026-03-16T22:24:02.305178
2022,32,Catar,Grupos 1ra Ronda,0,3,0,0,3,1,7,-6,https://www.losmundialesdefutbol.com/mundiales/2022_posiciones_finales.php,2026-03-16T22:24:02.305178
2018,1,Francia,Final,19,7,6,1,0,14,6,8,https://www.losmundialesdefutbol.com/mundiales/2018_posiciones_finales.php,2026-03-16T22:25:44.411060
2018,2,Croacia,Final,14,7,4,2,1,14,9,5,https://www.losmundialesdefutbol.com/mundiales/2018_posiciones_finales.php,2026-03-16T22:25:44.411060
2018,3,Bélgica,Partido 3er Puesto,18,7,6,0,1,16,6,10,https://www.losmundialesdefutbol.com/mundiales/2018_posiciones_finales.php,2026-03-16T22:25:44.411060
2018,4,Inglaterra,Partido 3er Puesto,10,7,3,1,3,12,8,4,https://www.losmundialesdefutbol.com/mundiales/2018_posiciones_finales.php,2026-03-16T22:25:44.411060
2018,5,Uruguay,Cuartos de Final,12,5,4,0,1,7,3,4,https://www.losmundialesdefutbol.com/mundiales/2018_posiciones_finales.php,2026-03-16T22:25:44.411060
2018,6,Brasil,Cuartos de Final,10,5,3,1,1,8,3,5,https://www.losmundialesdefutbol.com/mundiales/2018_posiciones_finales.php,2026-03-16T22:25:44.411060
2018,7,Suecia,Cuartos de Final,9,5,3,0,2,6,4,2,https://www.losmundialesdefutbol.com/mundiales/2018_posiciones_finales.php,2026-03-16T22:25:44.411060
2018,8,Rusia,Cuartos de Final,8,5,2,2,1,11,7,4,https://www.losmundialesdefutbol.com/mundiales/2018_posiciones_finales.php,2026-03-16T22:25:44.411060
2018,9,Colombia,Octavos de Final,7,4,2,1,1,6,3,3,https://www.losmundialesdefutbol.com/mundiales/2018_posiciones_finales.php,2026-03-16T22:25:44.411060
2018,10,España,Octavos de Final,6,4,1,3,0,7,6,1,https://www.losmundialesdefutbol.com/mundiales/2018_posiciones_finales.php,2026-03-16T22:25:44.411060
2018,11,Dinamarca,Octavos de Final,6,4,1,3,0,3,2,1,https://www.losmundialesdefutbol.com/mundiales/2018_posiciones_finales.php,2026-03-16T22:25:44.411060
2018,12,México,Octavos de Final,6,4,2,0,2,3,6,-3,https://www.losmundialesdefutbol.com/mundiales/2018_posiciones_finales.php,2026-03-16T22:25:44.411060
2018,13,Portugal,Octavos de Final,5,4,1,2,1,6,6,0,https://www.losmundialesdefutbol.com/mundiales/2018_posiciones_finales.php,2026-03-16T22:25:44.411060
2018,14,Suiza,Octavos de Final,5,4,1,2,1,5,5,0,https://www.losmundialesdefutbol.com/mundiales/2018_posiciones_finales.php,2026-03-16T22:25:44.411060
2018,15,Japón,Octavos de Final,4,4,1,1,2,6,7,-1,https://www.losmundialesdefutbol.com/mundiales/2018_posiciones_finales.php,2026-03-16T22:25:44.411060
2018,16,Argentina,Octavos de Final,4,4,1,1,2,6,9,-3,https://www.losmundialesdefutbol.com/mundiales/2018_posiciones_finales.php,2026-03-16T22:25:44.411060
2018,17,Senegal,Grupos 1ra Ronda,4,3,1,1,1,4,4,0,https://www.losmundialesdefutbol.com/mundiales/2018_posiciones_finales.php,2026-03-16T22:25:44.411060
2018,18,Irán,Grupos 1ra Ronda,4,3,1,1,1,2,2,0,https://www.losmundialesdefutbol.com/mundiales/2018_posiciones_finales.php,2026-03-16T22:25:44.411060
2018,19,Corea del Sur,Grupos 1ra Ronda,3,3,1,0,2,3,3,0,https://www.losmundialesdefutbol.com/mundiales/2018_posiciones_finales.php,2026-03-16T22:25:44.411060
2018,20,Perú,Grupos 1ra Ronda,3,3,1,0,2,2,2,0,https://www.losmundialesdefutbol.com/mundiales/2018_posiciones_finales.php,2026-03-16T22:25:44.411060
2018,21,Nigeria,Grupos 1ra Ronda,3,3,1,0,2,3,4,-1,https://www.losmundialesdefutbol.com/mundiales/2018_posiciones_finales.php,2026-03-16T22:25:44.411060
2018,22,Alemania,Grupos 1ra Ronda,3,3,1,0,2,2,4,-2,https://www.losmundialesdefutbol.com/mundiales/2018_posiciones_finales.php,2026-03-16T22:25:44.411060
2018,23,Serbia,Grupos 1ra Ronda,3,3,1,0,2,2,4,-2,https://www.losmundialesdefutbol.com/mundiales/2018_posiciones_finales.php,2026-03-16T22:25:44.411060
2018,24,Túnez,Grupos 1ra Ronda,3,3,1,0,2,5,8,-3,https://www.losmundialesdefutbol.com/mundiales/2018_posiciones_finales.php,2026-03-16T22:25:44.411060
2018,25,Polonia,Grupos 1ra Ronda,3,3,1,0,2,2,5,-3,https://www.losmundialesdefutbol.com/mundiales/2018_posiciones_finales.php,2026-03-16T22:25:44.411060
2018,26,Arabia Saudita,Grupos 1ra Ronda,3,3,1,0,2,2,7,-5,https://www.losmundialesdefutbol.com/mundiales/2018_posiciones_finales.php,2026-03-16T22:25:44.411060
2018,27,Marruecos,Grupos 1ra Ronda,1,3,0,1,2,2,4,-2,https://www.losmundialesdefutbol.com/mundiales/2018_posiciones_finales.php,2026-03-16T22:25:44.411060
2018,28,Islandia,Grupos 1ra Ronda,1,3,0,1,2,2,5,-3,https://www.losmundialesdefutbol.com/mundiales/2018_posiciones_finales.php,2026-03-16T22:25:44.411060
2018,29,Costa Rica,Grupos 1ra Ronda,1,3,0,1,2,2,5,-3,https://www.losmundialesdefutbol.com/mundiales/2018_posiciones_finales.php,2026-03-16T22:25:44.411060
2018,30,Australia,Grupos 1ra Ronda,1,3,0,1,2,2,5,-3,https://www.losmundialesdefutbol.com/mundiales/2018_posiciones_finales.php,2026-03-16T22:25:44.411060
2018,31,Egipto,Grupos 1ra Ronda,0,3,0,0,3,2,6,-4,https://www.losmundialesdefutbol.com/mundiales/2018_posiciones_finales.php,2026-03-16T22:25:44.411060
2018,32,Panamá,Grupos 1ra Ronda,0,3,0,0,3,2,11,-9,https://www.losmundialesdefutbol.com/mundiales/2018_posiciones_finales.php,2026-03-16T22:25:44.411060
2014,1,Alemania,Final,19,7,6,1,0,18,4,14,https://www.losmundialesdefutbol.com/mundiales/2014_posiciones_finales.php,2026-03-16T22:25:53.529453
2014,2,Argentina,Final,16,7,5,1,1,8,4,4,https://www.losmundialesdefutbol.com/mundiales/2014_posiciones_finales.php,2026-03-16T22:25:53.529453
2014,3,Paises Bajos,Partido 3er Puesto,17,7,5,2,0,15,4,11,https://www.losmundialesdefutbol.com/mundiales/2014_posiciones_finales.php,2026-03-16T22:25:53.529453
2014,4,Brasil,Partido 3er Puesto,11,7,3,2,2,11,14,-3,https://www.losmundialesdefutbol.com/mundiales/2014_posiciones_finales.php,2026-03-16T22:25:53.529453
2014,5,Colombia,Cuartos de Final,12,5,4,0,1,12,4,8,https://www.losmundialesdefutbol.com/mundiales/2014_posiciones_finales.php,2026-03-16T22:25:53.529453
2014,6,Bélgica,Cuartos de Final,12,5,4,0,1,6,3,3,https://www.losmundialesdefutbol.com/mundiales/2014_posiciones_finales.php,2026-03-16T22:25:53.529453
2014,7,Francia,Cuartos de Final,10,5,3,1,1,10,3,7,https://www.losmundialesdefutbol.com/mundiales/2014_posiciones_finales.php,2026-03-16T22:25:53.529453
2014,8,Costa Rica,Cuartos de Final,9,5,2,3,0,5,2,3,https://www.losmundialesdefutbol.com/mundiales/2014_posiciones_finales.php,2026-03-16T22:25:53.529453
2014,9,Chile,Octavos de Final,7,4,2,1,1,6,4,2,https://www.losmundialesdefutbol.com/mundiales/2014_posiciones_finales.php,2026-03-16T22:25:53.529453
2014,10,México,Octavos de Final,7,4,2,1,1,5,3,2,https://www.losmundialesdefutbol.com/mundiales/2014_posiciones_finales.php,2026-03-16T22:25:53.529453
2014,11,Suiza,Octavos de Final,6,4,2,0,2,7,7,0,https://www.losmundialesdefutbol.com/mundiales/2014_posiciones_finales.php,2026-03-16T22:25:53.529453
2014,12,Uruguay,Octavos de Final,6,4,2,0,2,4,6,-2,https://www.losmundialesdefutbol.com/mundiales/2014_posiciones_finales.php,2026-03-16T22:25:53.529453
2014,13,Grecia,Octavos de Final,5,4,1,2,1,3,5,-2,https://www.losmundialesdefutbol.com/mundiales/2014_posiciones_finales.php,2026-03-16T22:25:53.529453
2014,14,Argelia,Octavos de Final,4,4,1,1,2,7,7,0,https://www.losmundialesdefutbol.com/mundiales/2014_posiciones_finales.php,2026-03-16T22:25:53.529453
2014,15,Estados Unidos,Octavos de Final,4,4,1,1,2,5,6,-1,https://www.losmundialesdefutbol.com/mundiales/2014_posiciones_finales.php,2026-03-16T22:25:53.529453
2014,16,Nigeria,Octavos de Final,4,4,1,1,2,3,5,-2,https://www.losmundialesdefutbol.com/mundiales/2014_posiciones_finales.php,2026-03-16T22:25:53.529453
2014,17,Ecuador,Grupos 1ra Ronda,4,3,1,1,1,3,3,0,https://www.losmundialesdefutbol.com/mundiales/2014_posiciones_finales.php,2026-03-16T22:25:53.529453
2014,18,Portugal,Grupos 1ra Ronda,4,3,1,1,1,4,7,-3,https://www.losmundialesdefutbol.com/mundiales/2014_posiciones_finales.php,2026-03-16T22:25:53.529453
2014,19,Croacia,Grupos 1ra Ronda,3,3,1,0,2,6,6,0,https://www.losmundialesdefutbol.com/mundiales/2014_posiciones_finales.php,2026-03-16T22:25:53.529453
2014,20,Bosnia-Herzegovina,Grupos 1ra Ronda,3,3,1,0,2,4,4,0,https://www.losmundialesdefutbol.com/mundiales/2014_posiciones_finales.php,2026-03-16T22:25:53.529453
2014,21,Costa de Marfil,Grupos 1ra Ronda,3,3,1,0,2,4,5,-1,https://www.losmundialesdefutbol.com/mundiales/2014_posiciones_finales.php,2026-03-16T22:25:53.529453
2014,22,Italia,Grupos 1ra Ronda,3,3,1,0,2,2,3,-1,https://www.losmundialesdefutbol.com/mundiales/2014_posiciones_finales.php,2026-03-16T22:25:53.529453
2014,23,España,Grupos 1ra Ronda,3,3,1,0,2,4,7,-3,https://www.losmundialesdefutbol.com/mundiales/2014_posiciones_finales.php,2026-03-16T22:25:53.529453
2014,24,Rusia,Grupos 1ra Ronda,2,3,0,2,1,2,3,-1,https://www.losmundialesdefutbol.com/mundiales/2014_posiciones_finales.php,2026-03-16T22:25:53.529453
2014,25,Ghana,Grupos 1ra Ronda,1,3,0,1,2,4,6,-2,https://www.losmundialesdefutbol.com/mundiales/2014_posiciones_finales.php,2026-03-16T22:25:53.529453
2014,26,Inglaterra,Grupos 1ra Ronda,1,3,0,1,2,2,4,-2,https://www.losmundialesdefutbol.com/mundiales/2014_posiciones_finales.php,2026-03-16T22:25:53.529453
2014,27,Corea del Sur,Grupos 1ra Ronda,1,3,0,1,2,3,6,-3,https://www.losmundialesdefutbol.com/mundiales/2014_posiciones_finales.php,2026-03-16T22:25:53.529453
2014,28,Irán,Grupos 1ra Ronda,1,3,0,1,2,1,4,-3,https://www.losmundialesdefutbol.com/mundiales/2014_posiciones_finales.php,2026-03-16T22:25:53.529453
2014,29,Japón,Grupos 1ra Ronda,1,3,0,1,2,2,6,-4,https://www.losmundialesdefutbol.com/mundiales/2014_posiciones_finales.php,2026-03-16T22:25:53.529453
2014,30,Australia,Grupos 1ra Ronda,0,3,0,0,3,3,9,-6,https://www.losmundialesdefutbol.com/mundiales/2014_posiciones_finales.php,2026-03-16T22:25:53.529453
2014,31,Honduras,Grupos 1ra Ronda,0,3,0,0,3,1,8,-7,https://www.losmundialesdefutbol.com/mundiales/2014_posiciones_finales.php,2026-03-16T22:25:53.529453
2014,32,Camerún,Grupos 1ra Ronda,0,3,0,0,3,1,9,-8,https://www.losmundialesdefutbol.com/mundiales/2014_posiciones_finales.php,2026-03-16T22:25:53.529453
2010,1,España,Final,18,7,6,0,1,8,2,6,https://www.losmundialesdefutbol.com/mundiales/2010_posiciones_finales.php,2026-03-16T22:26:02.745683
2010,2,Paises Bajos,Final,18,7,6,0,1,12,6,6,https://www.losmundialesdefutbol.com/mundiales/2010_posiciones_finales.php,2026-03-16T22:26:02.745683
2010,3,Alemania,Partido 3er Puesto,15,7,5,0,2,16,5,11,https://www.losmundialesdefutbol.com/mundiales/2010_posiciones_finales.php,2026-03-16T22:26:02.745683
2010,4,Uruguay,Partido 3er Puesto,11,7,3,2,2,11,8,3,https://www.losmundialesdefutbol.com/mundiales/2010_posiciones_finales.php,2026-03-16T22:26:02.745683
2010,5,Argentina,Cuartos de Final,12,5,4,0,1,10,6,4,https://www.losmundialesdefutbol.com/mundiales/2010_posiciones_finales.php,2026-03-16T22:26:02.745683
2010,6,Brasil,Cuartos de Final,10,5,3,1,1,9,4,5,https://www.losmundialesdefutbol.com/mundiales/2010_posiciones_finales.php,2026-03-16T22:26:02.745683
2010,7,Ghana,Cuartos de Final,8,5,2,2,1,5,4,1,https://www.losmundialesdefutbol.com/mundiales/2010_posiciones_finales.php,2026-03-16T22:26:02.745683
2010,8,Paraguay,Cuartos de Final,6,5,1,3,1,3,2,1,https://www.losmundialesdefutbol.com/mundiales/2010_posiciones_finales.php,2026-03-16T22:26:02.745683
2010,9,Japón,Octavos de Final,7,4,2,1,1,4,2,2,https://www.losmundialesdefutbol.com/mundiales/2010_posiciones_finales.php,2026-03-16T22:26:02.745683
2010,10,Chile,Octavos de Final,6,4,2,0,2,3,5,-2,https://www.losmundialesdefutbol.com/mundiales/2010_posiciones_finales.php,2026-03-16T22:26:02.745683
2010,11,Portugal,Octavos de Final,5,4,1,2,1,7,1,6,https://www.losmundialesdefutbol.com/mundiales/2010_posiciones_finales.php,2026-03-16T22:26:02.745683
2010,12,Estados Unidos,Octavos de Final,5,4,1,2,1,5,5,0,https://www.losmundialesdefutbol.com/mundiales/2010_posiciones_finales.php,2026-03-16T22:26:02.745683
2010,13,Inglaterra,Octavos de Final,5,4,1,2,1,3,5,-2,https://www.losmundialesdefutbol.com/mundiales/2010_posiciones_finales.php,2026-03-16T22:26:02.745683
2010,14,México,Octavos de Final,4,4,1,1,2,4,5,-1,https://www.losmundialesdefutbol.com/mundiales/2010_posiciones_finales.php,2026-03-16T22:26:02.745683
2010,15,Corea del Sur,Octavos de Final,4,4,1,1,2,6,8,-2,https://www.losmundialesdefutbol.com/mundiales/2010_posiciones_finales.php,2026-03-16T22:26:02.745683
2010,16,Eslovaquia,Octavos de Final,4,4,1,1,2,5,7,-2,https://www.losmundialesdefutbol.com/mundiales/2010_posiciones_finales.php,2026-03-16T22:26:02.745683
2010,17,Costa de Marfil,Grupos 1ra Ronda,4,3,1,1,1,4,3,1,https://www.losmundialesdefutbol.com/mundiales/2010_posiciones_finales.php,2026-03-16T22:26:02.745683
2010,18,Eslovenia,Grupos 1ra Ronda,4,3,1,1,1,3,3,0,https://www.losmundialesdefutbol.com/mundiales/2010_posiciones_finales.php,2026-03-16T22:26:02.745683
2010,19,Suiza,Grupos 1ra Ronda,4,3,1,1,1,1,1,0,https://www.losmundialesdefutbol.com/mundiales/2010_posiciones_finales.php,2026-03-16T22:26:02.745683
2010,20,Sudáfrica,Grupos 1ra Ronda,4,3,1,1,1,3,5,-2,https://www.losmundialesdefutbol.com/mundiales/2010_posiciones_finales.php,2026-03-16T22:26:02.745683
2010,21,Australia,Grupos 1ra Ronda,4,3,1,1,1,3,6,-3,https://www.losmundialesdefutbol.com/mundiales/2010_posiciones_finales.php,2026-03-16T22:26:02.745683
2010,22,Nueva Zelanda,Grupos 1ra Ronda,3,3,0,3,0,2,2,0,https://www.losmundialesdefutbol.com/mundiales/2010_posiciones_finales.php,2026-03-16T22:26:02.745683
2010,23,Serbia,Grupos 1ra Ronda,3,3,1,0,2,2,3,-1,https://www.losmundialesdefutbol.com/mundiales/2010_posiciones_finales.php,2026-03-16T22:26:02.745683
2010,24,Dinamarca,Grupos 1ra Ronda,3,3,1,0,2,3,6,-3,https://www.losmundialesdefutbol.com/mundiales/2010_posiciones_finales.php,2026-03-16T22:26:02.745683
2010,25,Grecia,Grupos 1ra Ronda,3,3,1,0,2,2,5,-3,https://www.losmundialesdefutbol.com/mundiales/2010_posiciones_finales.php,2026-03-16T22:26:02.745683
2010,26,Italia,Grupos 1ra Ronda,2,3,0,2,1,4,5,-1,https://www.losmundialesdefutbol.com/mundiales/2010_posiciones_finales.php,2026-03-16T22:26:02.745683
2010,27,Nigeria,Grupos 1ra Ronda,1,3,0,1,2,3,5,-2,https://www.losmundialesdefutbol.com/mundiales/2010_posiciones_finales.php,2026-03-16T22:26:02.745683
2010,28,Argelia,Grupos 1ra Ronda,1,3,0,1,2,0,2,-2,https://www.losmundialesdefutbol.com/mundiales/2010_posiciones_finales.php,2026-03-16T22:26:02.745683
2010,29,Francia,Grupos 1ra Ronda,1,3,0,1,2,1,4,-3,https://www.losmundialesdefutbol.com/mundiales/2010_posiciones_finales.php,2026-03-16T22:26:02.745683
2010,30,Honduras,Grupos 1ra Ronda,1,3,0,1,2,0,3,-3,https://www.losmundialesdefutbol.com/mundiales/2010_posiciones_finales.php,2026-03-16T22:26:02.745683
2010,31,Camerún,Grupos 1ra Ronda,0,3,0,0,3,2,5,-3,https://www.losmundialesdefutbol.com/mundiales/2010_posiciones_finales.php,2026-03-16T22:26:02.745683
2010,32,Corea del Norte,Grupos 1ra Ronda,0,3,0,0,3,1,12,-11,https://www.losmundialesdefutbol.com/mundiales/2010_posiciones_finales.php,2026-03-16T22:26:02.745683
2006,1,Italia,Final,17,7,5,2,0,12,2,10,https://www.losmundialesdefutbol.com/mundiales/2006_posiciones_finales.php,2026-03-16T22:26:11.145284
2006,2,Francia,Final,15,7,4,3,0,9,3,6,https://www.losmundialesdefutbol.com/mundiales/2006_posiciones_finales.php,2026-03-16T22:26:11.145284
2006,3,Alemania,Partido 3er Puesto,16,7,5,1,1,14,6,8,https://www.losmundialesdefutbol.com/mundiales/2006_posiciones_finales.php,2026-03-16T22:26:11.145284
2006,4,Portugal,Partido 3er Puesto,13,7,4,1,2,7,5,2,https://www.losmundialesdefutbol.com/mundiales/2006_posiciones_finales.php,2026-03-16T22:26:11.145284
2006,5,Brasil,Cuartos de Final,12,5,4,0,1,10,2,8,https://www.losmundialesdefutbol.com/mundiales/2006_posiciones_finales.php,2026-03-16T22:26:11.145284
2006,6,Argentina,Cuartos de Final,11,5,3,2,0,11,3,8,https://www.losmundialesdefutbol.com/mundiales/2006_posiciones_finales.php,2026-03-16T22:26:11.145284
2006,7,Inglaterra,Cuartos de Final,11,5,3,2,0,6,2,4,https://www.losmundialesdefutbol.com/mundiales/2006_posiciones_finales.php,2026-03-16T22:26:11.145284
2006,8,Ucrania,Cuartos de Final,7,5,2,1,2,5,7,-2,https://www.losmundialesdefutbol.com/mundiales/2006_posiciones_finales.php,2026-03-16T22:26:11.145284
2006,9,España,Octavos de Final,9,4,3,0,1,9,4,5,https://www.losmundialesdefutbol.com/mundiales/2006_posiciones_finales.php,2026-03-16T22:26:11.145284
2006,10,Suiza,Octavos de Final,8,4,2,2,0,4,0,4,https://www.losmundialesdefutbol.com/mundiales/2006_posiciones_finales.php,2026-03-16T22:26:11.145284
2006,11,Paises Bajos,Octavos de Final,7,4,2,1,1,3,2,1,https://www.losmundialesdefutbol.com/mundiales/2006_posiciones_finales.php,2026-03-16T22:26:11.145284
2006,12,Ecuador,Octavos de Final,6,4,2,0,2,5,4,1,https://www.losmundialesdefutbol.com/mundiales/2006_posiciones_finales.php,2026-03-16T22:26:11.145284
2006,13,Ghana,Octavos de Final,6,4,2,0,2,4,6,-2,https://www.losmundialesdefutbol.com/mundiales/2006_posiciones_finales.php,2026-03-16T22:26:11.145284
2006,14,Suecia,Octavos de Final,5,4,1,2,1,3,4,-1,https://www.losmundialesdefutbol.com/mundiales/2006_posiciones_finales.php,2026-03-16T22:26:11.145284
2006,15,México,Octavos de Final,4,4,1,1,2,5,5,0,https://www.losmundialesdefutbol.com/mundiales/2006_posiciones_finales.php,2026-03-16T22:26:11.145284
2006,16,Australia,Octavos de Final,4,4,1,1,2,5,6,-1,https://www.losmundialesdefutbol.com/mundiales/2006_posiciones_finales.php,2026-03-16T22:26:11.145284
2006,17,Corea del Sur,Grupos 1ra Ronda,4,3,1,1,1,3,4,-1,https://www.losmundialesdefutbol.com/mundiales/2006_posiciones_finales.php,2026-03-16T22:26:11.145284
2006,18,Paraguay,Grupos 1ra Ronda,3,3,1,0,2,2,2,0,https://www.losmundialesdefutbol.com/mundiales/2006_posiciones_finales.php,2026-03-16T22:26:11.145284
2006,19,Costa de Marfil,Grupos 1ra Ronda,3,3,1,0,2,5,6,-1,https://www.losmundialesdefutbol.com/mundiales/2006_posiciones_finales.php,2026-03-16T22:26:11.145284
2006,20,República Checa,Grupos 1ra Ronda,3,3,1,0,2,3,4,-1,https://www.losmundialesdefutbol.com/mundiales/2006_posiciones_finales.php,2026-03-16T22:26:11.145284
2006,21,Polonia,Grupos 1ra Ronda,3,3,1,0,2,2,4,-2,https://www.losmundialesdefutbol.com/mundiales/2006_posiciones_finales.php,2026-03-16T22:26:11.145284
2006,22,Croacia,Grupos 1ra Ronda,2,3,0,2,1,2,3,-1,https://www.losmundialesdefutbol.com/mundiales/2006_posiciones_finales.php,2026-03-16T22:26:11.145284
2006,23,Angola,Grupos 1ra Ronda,2,3,0,2,1,1,2,-1,https://www.losmundialesdefutbol.com/mundiales/2006_posiciones_finales.php,2026-03-16T22:26:11.145284
2006,24,Túnez,Grupos 1ra Ronda,1,3,0,1,2,3,6,-3,https://www.losmundialesdefutbol.com/mundiales/2006_posiciones_finales.php,2026-03-16T22:26:11.145284
2006,25,Estados Unidos,Grupos 1ra Ronda,1,3,0,1,2,2,6,-4,https://www.losmundialesdefutbol.com/mundiales/2006_posiciones_finales.php,2026-03-16T22:26:11.145284
2006,26,Irán,Grupos 1ra Ronda,1,3,0,1,2,2,6,-4,https://www.losmundialesdefutbol.com/mundiales/2006_posiciones_finales.php,2026-03-16T22:26:11.145284
2006,27,Trinidad y Tobago,Grupos 1ra Ronda,1,3,0,1,2,0,4,-4,https://www.losmundialesdefutbol.com/mundiales/2006_posiciones_finales.php,2026-03-16T22:26:11.145284
2006,28,Arabia Saudita,Grupos 1ra Ronda,1,3,0,1,2,2,7,-5,https://www.losmundialesdefutbol.com/mundiales/2006_posiciones_finales.php,2026-03-16T22:26:11.145284
2006,29,Japón,Grupos 1ra Ronda,1,3,0,1,2,2,7,-5,https://www.losmundialesdefutbol.com/mundiales/2006_posiciones_finales.php,2026-03-16T22:26:11.145284
2006,30,Togo,Grupos 1ra Ronda,0,3,0,0,3,1,6,-5,https://www.losmundialesdefutbol.com/mundiales/2006_posiciones_finales.php,2026-03-16T22:26:11.145284
2006,31,Costa Rica,Grupos 1ra Ronda,0,3,0,0,3,3,9,-6,https://www.losmundialesdefutbol.com/mundiales/2006_posiciones_finales.php,2026-03-16T22:26:11.145284
2006,32,Serbia y Montenegro,Grupos 1ra Ronda,0,3,0,0,3,2,10,-8,https://www.losmundialesdefutbol.com/mundiales/2006_posiciones_finales.php,2026-03-16T22:26:11.145284
2002,1,Brasil,Final,21,7,7,0,0,18,4,14,https://www.losmundialesdefutbol.com/mundiales/2002_posiciones_finales.php,2026-03-16T22:26:20.771315
2002,2,Alemania,Final,16,7,5,1,1,14,3,11,https://www.losmundialesdefutbol.com/mundiales/2002_posiciones_finales.php,2026-03-16T22:26:20.771315
2002,3,Turquía,Partido 3er Puesto,13,7,4,1,2,10,6,4,https://www.losmundialesdefutbol.com/mundiales/2002_posiciones_finales.php,2026-03-16T22:26:20.771315
2002,4,Corea del Sur,Partido 3er Puesto,11,7,3,2,2,8,6,2,https://www.losmundialesdefutbol.com/mundiales/2002_posiciones_finales.php,2026-03-16T22:26:20.771315
2002,5,España,Cuartos de Final,11,5,3,2,0,10,5,5,https://www.losmundialesdefutbol.com/mundiales/2002_posiciones_finales.php,2026-03-16T22:26:20.771315
2002,6,Inglaterra,Cuartos de Final,8,5,2,2,1,6,3,3,https://www.losmundialesdefutbol.com/mundiales/2002_posiciones_finales.php,2026-03-16T22:26:20.771315
2002,7,Senegal,Cuartos de Final,8,5,2,2,1,7,6,1,https://www.losmundialesdefutbol.com/mundiales/2002_posiciones_finales.php,2026-03-16T22:26:20.771315
2002,8,Estados Unidos,Cuartos de Final,7,5,2,1,2,7,7,0,https://www.losmundialesdefutbol.com/mundiales/2002_posiciones_finales.php,2026-03-16T22:26:20.771315
2002,9,Japón,Octavos de Final,7,4,2,1,1,5,3,2,https://www.losmundialesdefutbol.com/mundiales/2002_posiciones_finales.php,2026-03-16T22:26:20.771315
2002,10,Dinamarca,Octavos de Final,7,4,2,1,1,5,5,0,https://www.losmundialesdefutbol.com/mundiales/2002_posiciones_finales.php,2026-03-16T22:26:20.771315
2002,11,México,Octavos de Final,7,4,2,1,1,4,4,0,https://www.losmundialesdefutbol.com/mundiales/2002_posiciones_finales.php,2026-03-16T22:26:20.771315
2002,12,Irlanda,Octavos de Final,6,4,1,3,0,6,3,3,https://www.losmundialesdefutbol.com/mundiales/2002_posiciones_finales.php,2026-03-16T22:26:20.771315
2002,13,Suecia,Octavos de Final,5,4,1,2,1,5,5,0,https://www.losmundialesdefutbol.com/mundiales/2002_posiciones_finales.php,2026-03-16T22:26:20.771315
2002,14,Bélgica,Octavos de Final,5,4,1,2,1,6,7,-1,https://www.losmundialesdefutbol.com/mundiales/2002_posiciones_finales.php,2026-03-16T22:26:20.771315
2002,15,Italia,Octavos de Final,4,4,1,1,2,5,5,0,https://www.losmundialesdefutbol.com/mundiales/2002_posiciones_finales.php,2026-03-16T22:26:20.771315
2002,16,Paraguay,Octavos de Final,4,4,1,1,2,6,7,-1,https://www.losmundialesdefutbol.com/mundiales/2002_posiciones_finales.php,2026-03-16T22:26:20.771315
2002,17,Sudáfrica,Grupos 1ra Ronda,4,3,1,1,1,5,5,0,https://www.losmundialesdefutbol.com/mundiales/2002_posiciones_finales.php,2026-03-16T22:26:20.771315
2002,18,Argentina,Grupos 1ra Ronda,4,3,1,1,1,2,2,0,https://www.losmundialesdefutbol.com/mundiales/2002_posiciones_finales.php,2026-03-16T22:26:20.771315
2002,19,Costa Rica,Grupos 1ra Ronda,4,3,1,1,1,5,6,-1,https://www.losmundialesdefutbol.com/mundiales/2002_posiciones_finales.php,2026-03-16T22:26:20.771315
2002,20,Camerún,Grupos 1ra Ronda,4,3,1,1,1,2,3,-1,https://www.losmundialesdefutbol.com/mundiales/2002_posiciones_finales.php,2026-03-16T22:26:20.771315
2002,21,Portugal,Grupos 1ra Ronda,3,3,1,0,2,6,4,2,https://www.losmundialesdefutbol.com/mundiales/2002_posiciones_finales.php,2026-03-16T22:26:20.771315
2002,22,Rusia,Grupos 1ra Ronda,3,3,1,0,2,4,4,0,https://www.losmundialesdefutbol.com/mundiales/2002_posiciones_finales.php,2026-03-16T22:26:20.771315
2002,23,Croacia,Grupos 1ra Ronda,3,3,1,0,2,2,3,-1,https://www.losmundialesdefutbol.com/mundiales/2002_posiciones_finales.php,2026-03-16T22:26:20.771315
2002,24,Ecuador,Grupos 1ra Ronda,3,3,1,0,2,2,4,-2,https://www.losmundialesdefutbol.com/mundiales/2002_posiciones_finales.php,2026-03-16T22:26:20.771315
2002,25,Polonia,Grupos 1ra Ronda,3,3,1,0,2,3,7,-4,https://www.losmundialesdefutbol.com/mundiales/2002_posiciones_finales.php,2026-03-16T22:26:20.771315
2002,26,Uruguay,Grupos 1ra Ronda,2,3,0,2,1,4,5,-1,https://www.losmundialesdefutbol.com/mundiales/2002_posiciones_finales.php,2026-03-16T22:26:20.771315
2002,27,Nigeria,Grupos 1ra Ronda,1,3,0,1,2,1,3,-2,https://www.losmundialesdefutbol.com/mundiales/2002_posiciones_finales.php,2026-03-16T22:26:20.771315
2002,28,Francia,Grupos 1ra Ronda,1,3,0,1,2,0,3,-3,https://www.losmundialesdefutbol.com/mundiales/2002_posiciones_finales.php,2026-03-16T22:26:20.771315
2002,29,Túnez,Grupos 1ra Ronda,1,3,0,1,2,1,5,-4,https://www.losmundialesdefutbol.com/mundiales/2002_posiciones_finales.php,2026-03-16T22:26:20.771315
2002,30,Eslovenia,Grupos 1ra Ronda,0,3,0,0,3,2,7,-5,https://www.losmundialesdefutbol.com/mundiales/2002_posiciones_finales.php,2026-03-16T22:26:20.771315
2002,31,China,Grupos 1ra Ronda,0,3,0,0,3,0,9,-9,https://www.losmundialesdefutbol.com/mundiales/2002_posiciones_finales.php,2026-03-16T22:26:20.771315
2002,32,Arabia Saudita,Grupos 1ra Ronda,0,3,0,0,3,0,12,-12,https://www.losmundialesdefutbol.com/mundiales/2002_posiciones_finales.php,2026-03-16T22:26:20.771315
1998,1,Francia,Final,19,7,6,1,0,15,2,13,https://www.losmundialesdefutbol.com/mundiales/1998_posiciones_finales.php,2026-03-16T22:26:29.890991
1998,2,Brasil,Final,13,7,4,1,2,14,10,4,https://www.losmundialesdefutbol.com/mundiales/1998_posiciones_finales.php,2026-03-16T22:26:29.890991
1998,3,Croacia,Partido 3er Puesto,15,7,5,0,2,11,5,6,https://www.losmundialesdefutbol.com/mundiales/1998_posiciones_finales.php,2026-03-16T22:26:29.890991
1998,4,Paises Bajos,Partido 3er Puesto,12,7,3,3,1,13,7,6,https://www.losmundialesdefutbol.com/mundiales/1998_posiciones_finales.php,2026-03-16T22:26:29.890991
1998,5,Italia,Cuartos de Final,11,5,3,2,0,8,3,5,https://www.losmundialesdefutbol.com/mundiales/1998_posiciones_finales.php,2026-03-16T22:26:29.890991
1998,6,Argentina,Cuartos de Final,10,5,3,1,1,10,4,6,https://www.losmundialesdefutbol.com/mundiales/1998_posiciones_finales.php,2026-03-16T22:26:29.890991
1998,7,Alemania,Cuartos de Final,10,5,3,1,1,8,6,2,https://www.losmundialesdefutbol.com/mundiales/1998_posiciones_finales.php,2026-03-16T22:26:29.890991
1998,8,Dinamarca,Cuartos de Final,7,5,2,1,2,9,7,2,https://www.losmundialesdefutbol.com/mundiales/1998_posiciones_finales.php,2026-03-16T22:26:29.890991
1998,9,Inglaterra,Octavos de Final,7,4,2,1,1,7,4,3,https://www.losmundialesdefutbol.com/mundiales/1998_posiciones_finales.php,2026-03-16T22:26:29.890991
1998,10,RF de Yugoslavia,Octavos de Final,7,4,2,1,1,5,4,1,https://www.losmundialesdefutbol.com/mundiales/1998_posiciones_finales.php,2026-03-16T22:26:29.890991
1998,11,Rumania,Octavos de Final,7,4,2,1,1,4,3,1,https://www.losmundialesdefutbol.com/mundiales/1998_posiciones_finales.php,2026-03-16T22:26:29.890991
1998,12,Nigeria,Octavos de Final,6,4,2,0,2,6,9,-3,https://www.losmundialesdefutbol.com/mundiales/1998_posiciones_finales.php,2026-03-16T22:26:29.890991
1998,13,México,Octavos de Final,5,4,1,2,1,8,7,1,https://www.losmundialesdefutbol.com/mundiales/1998_posiciones_finales.php,2026-03-16T22:26:29.890991
1998,14,Paraguay,Octavos de Final,5,4,1,2,1,3,2,1,https://www.losmundialesdefutbol.com/mundiales/1998_posiciones_finales.php,2026-03-16T22:26:29.890991
1998,15,Noruega,Octavos de Final,5,4,1,2,1,5,5,0,https://www.losmundialesdefutbol.com/mundiales/1998_posiciones_finales.php,2026-03-16T22:26:29.890991
1998,16,Chile,Octavos de Final,3,4,0,3,1,5,8,-3,https://www.losmundialesdefutbol.com/mundiales/1998_posiciones_finales.php,2026-03-16T22:26:29.890991
1998,17,España,Grupos 1ra Ronda,4,3,1,1,1,8,4,4,https://www.losmundialesdefutbol.com/mundiales/1998_posiciones_finales.php,2026-03-16T22:26:29.890991
1998,18,Marruecos,Grupos 1ra Ronda,4,3,1,1,1,5,5,0,https://www.losmundialesdefutbol.com/mundiales/1998_posiciones_finales.php,2026-03-16T22:26:29.890991
1998,19,Bélgica,Grupos 1ra Ronda,3,3,0,3,0,3,3,0,https://www.losmundialesdefutbol.com/mundiales/1998_posiciones_finales.php,2026-03-16T22:26:29.890991
1998,20,Irán,Grupos 1ra Ronda,3,3,1,0,2,2,4,-2,https://www.losmundialesdefutbol.com/mundiales/1998_posiciones_finales.php,2026-03-16T22:26:29.890991
1998,21,Colombia,Grupos 1ra Ronda,3,3,1,0,2,1,3,-2,https://www.losmundialesdefutbol.com/mundiales/1998_posiciones_finales.php,2026-03-16T22:26:29.890991
1998,22,Jamaica,Grupos 1ra Ronda,3,3,1,0,2,3,9,-6,https://www.losmundialesdefutbol.com/mundiales/1998_posiciones_finales.php,2026-03-16T22:26:29.890991
1998,23,Austria,Grupos 1ra Ronda,2,3,0,2,1,3,4,-1,https://www.losmundialesdefutbol.com/mundiales/1998_posiciones_finales.php,2026-03-16T22:26:29.890991
1998,24,Sudáfrica,Grupos 1ra Ronda,2,3,0,2,1,3,6,-3,https://www.losmundialesdefutbol.com/mundiales/1998_posiciones_finales.php,2026-03-16T22:26:29.890991
1998,25,Camerún,Grupos 1ra Ronda,2,3,0,2,1,2,5,-3,https://www.losmundialesdefutbol.com/mundiales/1998_posiciones_finales.php,2026-03-16T22:26:29.890991
1998,26,Túnez,Grupos 1ra Ronda,1,3,0,1,2,1,4,-3,https://www.losmundialesdefutbol.com/mundiales/1998_posiciones_finales.php,2026-03-16T22:26:29.890991
1998,27,Escocia,Grupos 1ra Ronda,1,3,0,1,2,2,6,-4,https://www.losmundialesdefutbol.com/mundiales/1998_posiciones_finales.php,2026-03-16T22:26:29.890991
1998,28,Arabia Saudita,Grupos 1ra Ronda,1,3,0,1,2,2,7,-5,https://www.losmundialesdefutbol.com/mundiales/1998_posiciones_finales.php,2026-03-16T22:26:29.890991
1998,29,Bulgaria,Grupos 1ra Ronda,1,3,0,1,2,1,7,-6,https://www.losmundialesdefutbol.com/mundiales/1998_posiciones_finales.php,2026-03-16T22:26:29.890991
1998,30,Corea del Sur,Grupos 1ra Ronda,1,3,0,1,2,2,9,-7,https://www.losmundialesdefutbol.com/mundiales/1998_posiciones_finales.php,2026-03-16T22:26:29.890991
1998,31,Japón,Grupos 1ra Ronda,0,3,0,0,3,1,4,-3,https://www.losmundialesdefutbol.com/mundiales/1998_posiciones_finales.php,2026-03-16T22:26:29.890991
1998,32,Estados Unidos,Grupos 1ra Ronda,0,3,0,0,3,1,5,-4,https://www.losmundialesdefutbol.com/mundiales/1998_posiciones_finales.php,2026-03-16T22:26:29.890991
1994,1,Brasil,Final,17,7,5,2,0,11,3,8,https://www.losmundialesdefutbol.com/mundiales/1994_posiciones_finales.php,2026-03-16T22:26:39.003527
1994,2,Italia,Final,14,7,4,2,1,8,5,3,https://www.losmundialesdefutbol.com/mundiales/1994_posiciones_finales.php,2026-03-16T22:26:39.003527
1994,3,Suecia,Partido 3er Puesto,12,7,3,3,1,15,8,7,https://www.losmundialesdefutbol.com/mundiales/1994_posiciones_finales.php,2026-03-16T22:26:39.003527
1994,4,Bulgaria,Partido 3er Puesto,10,7,3,1,3,10,11,-1,https://www.losmundialesdefutbol.com/mundiales/1994_posiciones_finales.php,2026-03-16T22:26:39.003527
1994,5,Alemania,Cuartos de Final,10,5,3,1,1,9,7,2,https://www.losmundialesdefutbol.com/mundiales/1994_posiciones_finales.php,2026-03-16T22:26:39.003527
1994,6,Rumania,Cuartos de Final,10,5,3,1,1,10,9,1,https://www.losmundialesdefutbol.com/mundiales/1994_posiciones_finales.php,2026-03-16T22:26:39.003527
1994,7,Paises Bajos,Cuartos de Final,9,5,3,0,2,8,6,2,https://www.losmundialesdefutbol.com/mundiales/1994_posiciones_finales.php,2026-03-16T22:26:39.003527
1994,8,España,Cuartos de Final,8,5,2,2,1,10,6,4,https://www.losmundialesdefutbol.com/mundiales/1994_posiciones_finales.php,2026-03-16T22:26:39.003527
1994,9,Nigeria,Octavos de Final,6,4,2,0,2,7,4,3,https://www.losmundialesdefutbol.com/mundiales/1994_posiciones_finales.php,2026-03-16T22:26:39.003527
1994,10,Argentina,Octavos de Final,6,4,2,0,2,8,6,2,https://www.losmundialesdefutbol.com/mundiales/1994_posiciones_finales.php,2026-03-16T22:26:39.003527
1994,11,Bélgica,Octavos de Final,6,4,2,0,2,4,4,0,https://www.losmundialesdefutbol.com/mundiales/1994_posiciones_finales.php,2026-03-16T22:26:39.003527
1994,12,Arabia Saudita,Octavos de Final,6,4,2,0,2,5,6,-1,https://www.losmundialesdefutbol.com/mundiales/1994_posiciones_finales.php,2026-03-16T22:26:39.003527
1994,13,México,Octavos de Final,5,4,1,2,1,4,4,0,https://www.losmundialesdefutbol.com/mundiales/1994_posiciones_finales.php,2026-03-16T22:26:39.003527
1994,14,Estados Unidos,Octavos de Final,4,4,1,1,2,3,4,-1,https://www.losmundialesdefutbol.com/mundiales/1994_posiciones_finales.php,2026-03-16T22:26:39.003527
1994,15,Suiza,Octavos de Final,4,4,1,1,2,5,7,-2,https://www.losmundialesdefutbol.com/mundiales/1994_posiciones_finales.php,2026-03-16T22:26:39.003527
1994,16,Irlanda,Octavos de Final,4,4,1,1,2,2,4,-2,https://www.losmundialesdefutbol.com/mundiales/1994_posiciones_finales.php,2026-03-16T22:26:39.003527
1994,17,Noruega,Grupos 1ra Ronda,4,3,1,1,1,1,1,0,https://www.losmundialesdefutbol.com/mundiales/1994_posiciones_finales.php,2026-03-16T22:26:39.003527
1994,18,Rusia,Grupos 1ra Ronda,3,3,1,0,2,7,6,1,https://www.losmundialesdefutbol.com/mundiales/1994_posiciones_finales.php,2026-03-16T22:26:39.003527
1994,19,Colombia,Grupos 1ra Ronda,3,3,1,0,2,4,5,-1,https://www.losmundialesdefutbol.com/mundiales/1994_posiciones_finales.php,2026-03-16T22:26:39.003527
1994,20,Corea del Sur,Grupos 1ra Ronda,2,3,0,2,1,4,5,-1,https://www.losmundialesdefutbol.com/mundiales/1994_posiciones_finales.php,2026-03-16T22:26:39.003527
1994,21,Bolivia,Grupos 1ra Ronda,1,3,0,1,2,1,4,-3,https://www.losmundialesdefutbol.com/mundiales/1994_posiciones_finales.php,2026-03-16T22:26:39.003527
1994,22,Camerún,Grupos 1ra Ronda,1,3,0,1,2,3,11,-8,https://www.losmundialesdefutbol.com/mundiales/1994_posiciones_finales.php,2026-03-16T22:26:39.003527
1994,23,Marruecos,Grupos 1ra Ronda,0,3,0,0,3,2,5,-3,https://www.losmundialesdefutbol.com/mundiales/1994_posiciones_finales.php,2026-03-16T22:26:39.003527
1994,24,Grecia,Grupos 1ra Ronda,0,3,0,0,3,0,10,-10,https://www.losmundialesdefutbol.com/mundiales/1994_posiciones_finales.php,2026-03-16T22:26:39.003527
1990,1,Alemania Occidental,Final,12,7,5,2,0,15,5,10,https://www.losmundialesdefutbol.com/mundiales/1990_posiciones_finales.php,2026-03-16T22:26:47.598186
1990,2,Argentina,Final,7,7,2,3,2,5,4,1,https://www.losmundialesdefutbol.com/mundiales/1990_posiciones_finales.php,2026-03-16T22:26:47.598186
1990,3,Italia,Partido 3er Puesto,13,7,6,1,0,10,2,8,https://www.losmundialesdefutbol.com/mundiales/1990_posiciones_finales.php,2026-03-16T22:26:47.598186
1990,4,Inglaterra,Partido 3er Puesto,9,7,3,3,1,8,6,2,https://www.losmundialesdefutbol.com/mundiales/1990_posiciones_finales.php,2026-03-16T22:26:47.598186
1990,5,Yugoslavia,Cuartos de Final,7,5,3,1,1,8,6,2,https://www.losmundialesdefutbol.com/mundiales/1990_posiciones_finales.php,2026-03-16T22:26:47.598186
1990,6,Checoslovaquia,Cuartos de Final,6,5,3,0,2,10,5,5,https://www.losmundialesdefutbol.com/mundiales/1990_posiciones_finales.php,2026-03-16T22:26:47.598186
1990,7,Camerún,Cuartos de Final,6,5,3,0,2,7,9,-2,https://www.losmundialesdefutbol.com/mundiales/1990_posiciones_finales.php,2026-03-16T22:26:47.598186
1990,8,Irlanda,Cuartos de Final,4,5,0,4,1,2,3,-1,https://www.losmundialesdefutbol.com/mundiales/1990_posiciones_finales.php,2026-03-16T22:26:47.598186
1990,9,Brasil,Octavos de Final,6,4,3,0,1,4,2,2,https://www.losmundialesdefutbol.com/mundiales/1990_posiciones_finales.php,2026-03-16T22:26:47.598186
1990,10,España,Octavos de Final,5,4,2,1,1,6,4,2,https://www.losmundialesdefutbol.com/mundiales/1990_posiciones_finales.php,2026-03-16T22:26:47.598186
1990,11,Bélgica,Octavos de Final,4,4,2,0,2,6,4,2,https://www.losmundialesdefutbol.com/mundiales/1990_posiciones_finales.php,2026-03-16T22:26:47.598186
1990,12,Rumania,Octavos de Final,4,4,1,2,1,4,3,1,https://www.losmundialesdefutbol.com/mundiales/1990_posiciones_finales.php,2026-03-16T22:26:47.598186
1990,13,Costa Rica,Octavos de Final,4,4,2,0,2,4,6,-2,https://www.losmundialesdefutbol.com/mundiales/1990_posiciones_finales.php,2026-03-16T22:26:47.598186
1990,14,Colombia,Octavos de Final,3,4,1,1,2,4,4,0,https://www.losmundialesdefutbol.com/mundiales/1990_posiciones_finales.php,2026-03-16T22:26:47.598186
1990,15,Paises Bajos,Octavos de Final,3,4,0,3,1,3,4,-1,https://www.losmundialesdefutbol.com/mundiales/1990_posiciones_finales.php,2026-03-16T22:26:47.598186
1990,16,Uruguay,Octavos de Final,3,4,1,1,2,2,5,-3,https://www.losmundialesdefutbol.com/mundiales/1990_posiciones_finales.php,2026-03-16T22:26:47.598186
1990,17,URSS,Grupos 1ra Ronda,2,3,1,0,2,4,4,0,https://www.losmundialesdefutbol.com/mundiales/1990_posiciones_finales.php,2026-03-16T22:26:47.598186
1990,18,Austria,Grupos 1ra Ronda,2,3,1,0,2,2,3,-1,https://www.losmundialesdefutbol.com/mundiales/1990_posiciones_finales.php,2026-03-16T22:26:47.598186
1990,18,Escocia,Grupos 1ra Ronda,2,3,1,0,2,2,3,-1,https://www.losmundialesdefutbol.com/mundiales/1990_posiciones_finales.php,2026-03-16T22:26:47.598186
1990,20,Egipto,Grupos 1ra Ronda,2,3,0,2,1,1,2,-1,https://www.losmundialesdefutbol.com/mundiales/1990_posiciones_finales.php,2026-03-16T22:26:47.598186
1990,21,Suecia,Grupos 1ra Ronda,0,3,0,0,3,3,6,-3,https://www.losmundialesdefutbol.com/mundiales/1990_posiciones_finales.php,2026-03-16T22:26:47.598186
1990,22,Corea del Sur,Grupos 1ra Ronda,0,3,0,0,3,1,6,-5,https://www.losmundialesdefutbol.com/mundiales/1990_posiciones_finales.php,2026-03-16T22:26:47.598186
1990,23,Estados Unidos,Grupos 1ra Ronda,0,3,0,0,3,2,8,-6,https://www.losmundialesdefutbol.com/mundiales/1990_posiciones_finales.php,2026-03-16T22:26:47.598186
1990,24,Emiratos Arabes,Grupos 1ra Ronda,0,3,0,0,3,2,11,-9,https://www.losmundialesdefutbol.com/mundiales/1990_posiciones_finales.php,2026-03-16T22:26:47.598186
1986,1,Argentina,Final,13,7,6,1,0,14,5,9,https://www.losmundialesdefutbol.com/mundiales/1986_posiciones_finales.php,2026-03-16T22:26:57.331536
1986,2,Alemania Occidental,Final,8,7,3,2,2,8,7,1,https://www.losmundialesdefutbol.com/mundiales/1986_posiciones_finales.php,2026-03-16T22:26:57.331536
1986,3,Francia,Partido 3er Puesto,10,7,4,2,1,12,6,6,https://www.losmundialesdefutbol.com/mundiales/1986_posiciones_finales.php,2026-03-16T22:26:57.331536
1986,4,Bélgica,Partido 3er Puesto,6,7,2,2,3,12,15,-3,https://www.losmundialesdefutbol.com/mundiales/1986_posiciones_finales.php,2026-03-16T22:26:57.331536
1986,5,Brasil,Cuartos de Final,9,5,4,1,0,10,1,9,https://www.losmundialesdefutbol.com/mundiales/1986_posiciones_finales.php,2026-03-16T22:26:57.331536
1986,6,México,Cuartos de Final,8,5,3,2,0,6,2,4,https://www.losmundialesdefutbol.com/mundiales/1986_posiciones_finales.php,2026-03-16T22:26:57.331536
1986,7,España,Cuartos de Final,7,5,3,1,1,11,4,7,https://www.losmundialesdefutbol.com/mundiales/1986_posiciones_finales.php,2026-03-16T22:26:57.331536
1986,8,Inglaterra,Cuartos de Final,5,5,2,1,2,7,3,4,https://www.losmundialesdefutbol.com/mundiales/1986_posiciones_finales.php,2026-03-16T22:26:57.331536
1986,9,Dinamarca,Octavos de Final,6,4,3,0,1,10,6,4,https://www.losmundialesdefutbol.com/mundiales/1986_posiciones_finales.php,2026-03-16T22:26:57.331536
1986,10,URSS,Octavos de Final,5,4,2,1,1,12,5,7,https://www.losmundialesdefutbol.com/mundiales/1986_posiciones_finales.php,2026-03-16T22:26:57.331536
1986,11,Marruecos,Octavos de Final,4,4,1,2,1,3,2,1,https://www.losmundialesdefutbol.com/mundiales/1986_posiciones_finales.php,2026-03-16T22:26:57.331536
1986,12,Italia,Octavos de Final,4,4,1,2,1,5,6,-1,https://www.losmundialesdefutbol.com/mundiales/1986_posiciones_finales.php,2026-03-16T22:26:57.331536
1986,13,Paraguay,Octavos de Final,4,4,1,2,1,4,6,-2,https://www.losmundialesdefutbol.com/mundiales/1986_posiciones_finales.php,2026-03-16T22:26:57.331536
1986,14,Polonia,Octavos de Final,3,4,1,1,2,1,7,-6,https://www.losmundialesdefutbol.com/mundiales/1986_posiciones_finales.php,2026-03-16T22:26:57.331536
1986,15,Bulgaria,Octavos de Final,2,4,0,2,2,2,6,-4,https://www.losmundialesdefutbol.com/mundiales/1986_posiciones_finales.php,2026-03-16T22:26:57.331536
1986,16,Uruguay,Octavos de Final,2,4,0,2,2,2,8,-6,https://www.losmundialesdefutbol.com/mundiales/1986_posiciones_finales.php,2026-03-16T22:26:57.331536
1986,17,Portugal,Grupos 1ra Ronda,2,3,1,0,2,2,4,-2,https://www.losmundialesdefutbol.com/mundiales/1986_posiciones_finales.php,2026-03-16T22:26:57.331536
1986,18,Hungría,Grupos 1ra Ronda,2,3,1,0,2,2,9,-7,https://www.losmundialesdefutbol.com/mundiales/1986_posiciones_finales.php,2026-03-16T22:26:57.331536
1986,19,Escocia,Grupos 1ra Ronda,1,3,0,1,2,1,3,-2,https://www.losmundialesdefutbol.com/mundiales/1986_posiciones_finales.php,2026-03-16T22:26:57.331536
1986,20,Corea del Sur,Grupos 1ra Ronda,1,3,0,1,2,4,7,-3,https://www.losmundialesdefutbol.com/mundiales/1986_posiciones_finales.php,2026-03-16T22:26:57.331536
1986,21,Irlanda del Norte,Grupos 1ra Ronda,1,3,0,1,2,2,6,-4,https://www.losmundialesdefutbol.com/mundiales/1986_posiciones_finales.php,2026-03-16T22:26:57.331536
1986,22,Argelia,Grupos 1ra Ronda,1,3,0,1,2,1,5,-4,https://www.losmundialesdefutbol.com/mundiales/1986_posiciones_finales.php,2026-03-16T22:26:57.331536
1986,23,Iraq,Grupos 1ra Ronda,0,3,0,0,3,1,4,-3,https://www.losmundialesdefutbol.com/mundiales/1986_posiciones_finales.php,2026-03-16T22:26:57.331536
1986,24,Canadá,Grupos 1ra Ronda,0,3,0,0,3,0,5,-5,https://www.losmundialesdefutbol.com/mundiales/1986_posiciones_finales.php,2026-03-16T22:26:57.331536
1982,1,Italia,Final,11,7,4,3,0,12,6,6,https://www.losmundialesdefutbol.com/mundiales/1982_posiciones_finales.php,2026-03-16T22:27:05.405663
1982,2,Alemania Occidental,Final,8,7,3,2,2,12,10,2,https://www.losmundialesdefutbol.com/mundiales/1982_posiciones_finales.php,2026-03-16T22:27:05.405663
1982,3,Polonia,Partido 3er Puesto,9,7,3,3,1,11,5,6,https://www.losmundialesdefutbol.com/mundiales/1982_posiciones_finales.php,2026-03-16T22:27:05.405663
1982,4,Francia,Partido 3er Puesto,8,7,3,2,2,16,12,4,https://www.losmundialesdefutbol.com/mundiales/1982_posiciones_finales.php,2026-03-16T22:27:05.405663
1982,5,Brasil,Grupos 2da Ronda,8,5,4,0,1,15,6,9,https://www.losmundialesdefutbol.com/mundiales/1982_posiciones_finales.php,2026-03-16T22:27:05.405663
1982,6,Inglaterra,Grupos 2da Ronda,8,5,3,2,0,6,1,5,https://www.losmundialesdefutbol.com/mundiales/1982_posiciones_finales.php,2026-03-16T22:27:05.405663
1982,7,URSS,Grupos 2da Ronda,6,5,2,2,1,7,4,3,https://www.losmundialesdefutbol.com/mundiales/1982_posiciones_finales.php,2026-03-16T22:27:05.405663
1982,8,Austria,Grupos 2da Ronda,5,5,2,1,2,5,4,1,https://www.losmundialesdefutbol.com/mundiales/1982_posiciones_finales.php,2026-03-16T22:27:05.405663
1982,9,Irlanda del Norte,Grupos 2da Ronda,5,5,1,3,1,5,7,-2,https://www.losmundialesdefutbol.com/mundiales/1982_posiciones_finales.php,2026-03-16T22:27:05.405663
1982,10,Bélgica,Grupos 2da Ronda,5,5,2,1,2,3,5,-2,https://www.losmundialesdefutbol.com/mundiales/1982_posiciones_finales.php,2026-03-16T22:27:05.405663
1982,11,Argentina,Grupos 2da Ronda,4,5,2,0,3,8,7,1,https://www.losmundialesdefutbol.com/mundiales/1982_posiciones_finales.php,2026-03-16T22:27:05.405663
1982,12,España,Grupos 2da Ronda,4,5,1,2,2,4,5,-1,https://www.losmundialesdefutbol.com/mundiales/1982_posiciones_finales.php,2026-03-16T22:27:05.405663
1982,13,Argelia,Grupos 1ra Ronda,4,3,2,0,1,5,5,0,https://www.losmundialesdefutbol.com/mundiales/1982_posiciones_finales.php,2026-03-16T22:27:05.405663
1982,14,Hungría,Grupos 1ra Ronda,3,3,1,1,1,12,6,6,https://www.losmundialesdefutbol.com/mundiales/1982_posiciones_finales.php,2026-03-16T22:27:05.405663
1982,15,Escocia,Grupos 1ra Ronda,3,3,1,1,1,8,8,0,https://www.losmundialesdefutbol.com/mundiales/1982_posiciones_finales.php,2026-03-16T22:27:05.405663
1982,16,Yugoslavia,Grupos 1ra Ronda,3,3,1,1,1,2,2,0,https://www.losmundialesdefutbol.com/mundiales/1982_posiciones_finales.php,2026-03-16T22:27:05.405663
1982,17,Camerún,Grupos 1ra Ronda,3,3,0,3,0,1,1,0,https://www.losmundialesdefutbol.com/mundiales/1982_posiciones_finales.php,2026-03-16T22:27:05.405663
1982,18,Honduras,Grupos 1ra Ronda,2,3,0,2,1,2,3,-1,https://www.losmundialesdefutbol.com/mundiales/1982_posiciones_finales.php,2026-03-16T22:27:05.405663
1982,19,Checoslovaquia,Grupos 1ra Ronda,2,3,0,2,1,2,4,-2,https://www.losmundialesdefutbol.com/mundiales/1982_posiciones_finales.php,2026-03-16T22:27:05.405663
1982,20,Perú,Grupos 1ra Ronda,2,3,0,2,1,2,6,-4,https://www.losmundialesdefutbol.com/mundiales/1982_posiciones_finales.php,2026-03-16T22:27:05.405663
1982,21,Kuwait,Grupos 1ra Ronda,1,3,0,1,2,2,6,-4,https://www.losmundialesdefutbol.com/mundiales/1982_posiciones_finales.php,2026-03-16T22:27:05.405663
1982,22,Chile,Grupos 1ra Ronda,0,3,0,0,3,3,8,-5,https://www.losmundialesdefutbol.com/mundiales/1982_posiciones_finales.php,2026-03-16T22:27:05.405663
1982,23,Nueva Zelanda,Grupos 1ra Ronda,0,3,0,0,3,2,12,-10,https://www.losmundialesdefutbol.com/mundiales/1982_posiciones_finales.php,2026-03-16T22:27:05.405663
1982,24,El Salvador,Grupos 1ra Ronda,0,3,0,0,3,1,13,-12,https://www.losmundialesdefutbol.com/mundiales/1982_posiciones_finales.php,2026-03-16T22:27:05.405663
1978,1,Argentina,Final,11,7,5,1,1,15,4,11,https://www.losmundialesdefutbol.com/mundiales/1978_posiciones_finales.php,2026-03-16T22:27:13.879036
1978,2,Paises Bajos,Final,8,7,3,2,2,15,10,5,https://www.losmundialesdefutbol.com/mundiales/1978_posiciones_finales.php,2026-03-16T22:27:13.879036
1978,3,Brasil,Partido 3er Puesto,11,7,4,3,0,10,3,7,https://www.losmundialesdefutbol.com/mundiales/1978_posiciones_finales.php,2026-03-16T22:27:13.879036
1978,4,Italia,Partido 3er Puesto,9,7,4,1,2,9,6,3,https://www.losmundialesdefutbol.com/mundiales/1978_posiciones_finales.php,2026-03-16T22:27:13.879036
1978,5,Polonia,Grupos 2da Ronda,7,6,3,1,2,6,6,0,https://www.losmundialesdefutbol.com/mundiales/1978_posiciones_finales.php,2026-03-16T22:27:13.879036
1978,6,Alemania Occidental,Grupos 2da Ronda,6,6,1,4,1,10,5,5,https://www.losmundialesdefutbol.com/mundiales/1978_posiciones_finales.php,2026-03-16T22:27:13.879036
1978,7,Austria,Grupos 2da Ronda,6,6,3,0,3,7,10,-3,https://www.losmundialesdefutbol.com/mundiales/1978_posiciones_finales.php,2026-03-16T22:27:13.879036
1978,8,Perú,Grupos 2da Ronda,5,6,2,1,3,7,12,-5,https://www.losmundialesdefutbol.com/mundiales/1978_posiciones_finales.php,2026-03-16T22:27:13.879036
1978,9,Túnez,Grupos 1ra Ronda,3,3,1,1,1,3,2,1,https://www.losmundialesdefutbol.com/mundiales/1978_posiciones_finales.php,2026-03-16T22:27:13.879036
1978,10,España,Grupos 1ra Ronda,3,3,1,1,1,2,2,0,https://www.losmundialesdefutbol.com/mundiales/1978_posiciones_finales.php,2026-03-16T22:27:13.879036
1978,11,Escocia,Grupos 1ra Ronda,3,3,1,1,1,5,6,-1,https://www.losmundialesdefutbol.com/mundiales/1978_posiciones_finales.php,2026-03-16T22:27:13.879036
1978,12,Francia,Grupos 1ra Ronda,2,3,1,0,2,5,5,0,https://www.losmundialesdefutbol.com/mundiales/1978_posiciones_finales.php,2026-03-16T22:27:13.879036
1978,13,Suecia,Grupos 1ra Ronda,1,3,0,1,2,1,3,-2,https://www.losmundialesdefutbol.com/mundiales/1978_posiciones_finales.php,2026-03-16T22:27:13.879036
1978,14,Irán,Grupos 1ra Ronda,1,3,0,1,2,2,8,-6,https://www.losmundialesdefutbol.com/mundiales/1978_posiciones_finales.php,2026-03-16T22:27:13.879036
1978,15,Hungría,Grupos 1ra Ronda,0,3,0,0,3,3,8,-5,https://www.losmundialesdefutbol.com/mundiales/1978_posiciones_finales.php,2026-03-16T22:27:13.879036
1978,16,México,Grupos 1ra Ronda,0,3,0,0,3,2,12,-10,https://www.losmundialesdefutbol.com/mundiales/1978_posiciones_finales.php,2026-03-16T22:27:13.879036
1974,1,Alemania Occidental,Final,12,7,6,0,1,13,4,9,https://www.losmundialesdefutbol.com/mundiales/1974_posiciones_finales.php,2026-03-16T22:27:24.213634
1974,2,Paises Bajos,Final,11,7,5,1,1,15,3,12,https://www.losmundialesdefutbol.com/mundiales/1974_posiciones_finales.php,2026-03-16T22:27:24.213634
1974,3,Polonia,Partido 3er Puesto,12,7,6,0,1,16,5,11,https://www.losmundialesdefutbol.com/mundiales/1974_posiciones_finales.php,2026-03-16T22:27:24.213634
1974,4,Brasil,Partido 3er Puesto,8,7,3,2,2,6,4,2,https://www.losmundialesdefutbol.com/mundiales/1974_posiciones_finales.php,2026-03-16T22:27:24.213634
1974,5,Suecia,Grupos 2da Ronda,6,6,2,2,2,7,6,1,https://www.losmundialesdefutbol.com/mundiales/1974_posiciones_finales.php,2026-03-16T22:27:24.213634
1974,6,Alemania Oriental,Grupos 2da Ronda,6,6,2,2,2,5,5,0,https://www.losmundialesdefutbol.com/mundiales/1974_posiciones_finales.php,2026-03-16T22:27:24.213634
1974,7,Yugoslavia,Grupos 2da Ronda,4,6,1,2,3,12,7,5,https://www.losmundialesdefutbol.com/mundiales/1974_posiciones_finales.php,2026-03-16T22:27:24.213634
1974,8,Argentina,Grupos 2da Ronda,4,6,1,2,3,9,12,-3,https://www.losmundialesdefutbol.com/mundiales/1974_posiciones_finales.php,2026-03-16T22:27:24.213634
1974,9,Escocia,Grupos 1ra Ronda,4,3,1,2,0,3,1,2,https://www.losmundialesdefutbol.com/mundiales/1974_posiciones_finales.php,2026-03-16T22:27:24.213634
1974,10,Italia,Grupos 1ra Ronda,3,3,1,1,1,5,4,1,https://www.losmundialesdefutbol.com/mundiales/1974_posiciones_finales.php,2026-03-16T22:27:24.213634
1974,11,Chile,Grupos 1ra Ronda,2,3,0,2,1,1,2,-1,https://www.losmundialesdefutbol.com/mundiales/1974_posiciones_finales.php,2026-03-16T22:27:24.213634
1974,12,Bulgaria,Grupos 1ra Ronda,2,3,0,2,1,2,5,-3,https://www.losmundialesdefutbol.com/mundiales/1974_posiciones_finales.php,2026-03-16T22:27:24.213634
1974,13,Uruguay,Grupos 1ra Ronda,1,3,0,1,2,1,6,-5,https://www.losmundialesdefutbol.com/mundiales/1974_posiciones_finales.php,2026-03-16T22:27:24.213634
1974,14,Australia,Grupos 1ra Ronda,1,3,0,1,2,0,5,-5,https://www.losmundialesdefutbol.com/mundiales/1974_posiciones_finales.php,2026-03-16T22:27:24.213634
1974,15,Haití,Grupos 1ra Ronda,0,3,0,0,3,2,14,-12,https://www.losmundialesdefutbol.com/mundiales/1974_posiciones_finales.php,2026-03-16T22:27:24.213634
1974,16,Zaire,Grupos 1ra Ronda,0,3,0,0,3,0,14,-14,https://www.losmundialesdefutbol.com/mundiales/1974_posiciones_finales.php,2026-03-16T22:27:24.213634
1970,1,Brasil,Final,12,6,6,0,0,19,7,12,https://www.losmundialesdefutbol.com/mundiales/1970_posiciones_finales.php,2026-03-16T22:27:33.331681
1970,2,Italia,Final,8,6,3,2,1,10,8,2,https://www.losmundialesdefutbol.com/mundiales/1970_posiciones_finales.php,2026-03-16T22:27:33.331681
1970,3,Alemania Occidental,Partido 3er Puesto,10,6,5,0,1,17,10,7,https://www.losmundialesdefutbol.com/mundiales/1970_posiciones_finales.php,2026-03-16T22:27:33.331681
1970,4,Uruguay,Partido 3er Puesto,5,6,2,1,3,4,5,-1,https://www.losmundialesdefutbol.com/mundiales/1970_posiciones_finales.php,2026-03-16T22:27:33.331681
1970,5,URSS,Cuartos de Final,5,4,2,1,1,6,2,4,https://www.losmundialesdefutbol.com/mundiales/1970_posiciones_finales.php,2026-03-16T22:27:33.331681
1970,6,México,Cuartos de Final,5,4,2,1,1,6,4,2,https://www.losmundialesdefutbol.com/mundiales/1970_posiciones_finales.php,2026-03-16T22:27:33.331681
1970,7,Perú,Cuartos de Final,4,4,2,0,2,9,9,0,https://www.losmundialesdefutbol.com/mundiales/1970_posiciones_finales.php,2026-03-16T22:27:33.331681
1970,8,Inglaterra,Cuartos de Final,4,4,2,0,2,4,4,0,https://www.losmundialesdefutbol.com/mundiales/1970_posiciones_finales.php,2026-03-16T22:27:33.331681
1970,9,Suecia,Grupos 1ra Ronda,3,3,1,1,1,2,2,0,https://www.losmundialesdefutbol.com/mundiales/1970_posiciones_finales.php,2026-03-16T22:27:33.331681
1970,10,Bélgica,Grupos 1ra Ronda,2,3,1,0,2,4,5,-1,https://www.losmundialesdefutbol.com/mundiales/1970_posiciones_finales.php,2026-03-16T22:27:33.331681
1970,10,Rumania,Grupos 1ra Ronda,2,3,1,0,2,4,5,-1,https://www.losmundialesdefutbol.com/mundiales/1970_posiciones_finales.php,2026-03-16T22:27:33.331681
1970,12,Israel,Grupos 1ra Ronda,2,3,0,2,1,1,3,-2,https://www.losmundialesdefutbol.com/mundiales/1970_posiciones_finales.php,2026-03-16T22:27:33.331681
1970,13,Bulgaria,Grupos 1ra Ronda,1,3,0,1,2,5,9,-4,https://www.losmundialesdefutbol.com/mundiales/1970_posiciones_finales.php,2026-03-16T22:27:33.331681
1970,14,Marruecos,Grupos 1ra Ronda,1,3,0,1,2,2,6,-4,https://www.losmundialesdefutbol.com/mundiales/1970_posiciones_finales.php,2026-03-16T22:27:33.331681
1970,15,Checoslovaquia,Grupos 1ra Ronda,0,3,0,0,3,2,7,-5,https://www.losmundialesdefutbol.com/mundiales/1970_posiciones_finales.php,2026-03-16T22:27:33.331681
1970,16,El Salvador,Grupos 1ra Ronda,0,3,0,0,3,0,9,-9,https://www.losmundialesdefutbol.com/mundiales/1970_posiciones_finales.php,2026-03-16T22:27:33.331681
1966,1,Inglaterra,Final,11,6,5,1,0,11,3,8,https://www.losmundialesdefutbol.com/mundiales/1966_posiciones_finales.php,2026-03-16T22:27:41.299910
1966,2,Alemania Occidental,Final,9,6,4,1,1,15,6,9,https://www.losmundialesdefutbol.com/mundiales/1966_posiciones_finales.php,2026-03-16T22:27:41.299910
1966,3,Portugal,Partido 3er Puesto,10,6,5,0,1,17,8,9,https://www.losmundialesdefutbol.com/mundiales/1966_posiciones_finales.php,2026-03-16T22:27:41.299910
1966,4,URSS,Partido 3er Puesto,8,6,4,0,2,10,6,4,https://www.losmundialesdefutbol.com/mundiales/1966_posiciones_finales.php,2026-03-16T22:27:41.299910
1966,5,Argentina,Cuartos de Final,5,4,2,1,1,4,2,2,https://www.losmundialesdefutbol.com/mundiales/1966_posiciones_finales.php,2026-03-16T22:27:41.299910
1966,6,Hungría,Cuartos de Final,4,4,2,0,2,8,7,1,https://www.losmundialesdefutbol.com/mundiales/1966_posiciones_finales.php,2026-03-16T22:27:41.299910
1966,7,Uruguay,Cuartos de Final,4,4,1,2,1,2,5,-3,https://www.losmundialesdefutbol.com/mundiales/1966_posiciones_finales.php,2026-03-16T22:27:41.299910
1966,8,Corea del Norte,Cuartos de Final,3,4,1,1,2,5,9,-4,https://www.losmundialesdefutbol.com/mundiales/1966_posiciones_finales.php,2026-03-16T22:27:41.299910
1966,9,Italia,Grupos 1ra Ronda,2,3,1,0,2,2,2,0,https://www.losmundialesdefutbol.com/mundiales/1966_posiciones_finales.php,2026-03-16T22:27:41.299910
1966,10,España,Grupos 1ra Ronda,2,3,1,0,2,4,5,-1,https://www.losmundialesdefutbol.com/mundiales/1966_posiciones_finales.php,2026-03-16T22:27:41.299910
1966,11,Brasil,Grupos 1ra Ronda,2,3,1,0,2,4,6,-2,https://www.losmundialesdefutbol.com/mundiales/1966_posiciones_finales.php,2026-03-16T22:27:41.299910
1966,12,México,Grupos 1ra Ronda,2,3,0,2,1,1,3,-2,https://www.losmundialesdefutbol.com/mundiales/1966_posiciones_finales.php,2026-03-16T22:27:41.299910
1966,13,Chile,Grupos 1ra Ronda,1,3,0,1,2,2,5,-3,https://www.losmundialesdefutbol.com/mundiales/1966_posiciones_finales.php,2026-03-16T22:27:41.299910
1966,13,Francia,Grupos 1ra Ronda,1,3,0,1,2,2,5,-3,https://www.losmundialesdefutbol.com/mundiales/1966_posiciones_finales.php,2026-03-16T22:27:41.299910
1966,15,Bulgaria,Grupos 1ra Ronda,0,3,0,0,3,1,8,-7,https://www.losmundialesdefutbol.com/mundiales/1966_posiciones_finales.php,2026-03-16T22:27:41.299910
1966,16,Suiza,Grupos 1ra Ronda,0,3,0,0,3,1,9,-8,https://www.losmundialesdefutbol.com/mundiales/1966_posiciones_finales.php,2026-03-16T22:27:41.299910
1962,1,Brasil,Final,11,6,5,1,0,14,5,9,https://www.losmundialesdefutbol.com/mundiales/1962_posiciones_finales.php,2026-03-16T22:27:51.330141
1962,2,Checoslovaquia,Final,7,6,3,1,2,7,7,0,https://www.losmundialesdefutbol.com/mundiales/1962_posiciones_finales.php,2026-03-16T22:27:51.330141
1962,3,Chile,Partido 3er Puesto,8,6,4,0,2,10,8,2,https://www.losmundialesdefutbol.com/mundiales/1962_posiciones_finales.php,2026-03-16T22:27:51.330141
1962,4,Yugoslavia,Partido 3er Puesto,6,6,3,0,3,10,7,3,https://www.losmundialesdefutbol.com/mundiales/1962_posiciones_finales.php,2026-03-16T22:27:51.330141
1962,5,Hungría,Cuartos de Final,5,4,2,1,1,8,3,5,https://www.losmundialesdefutbol.com/mundiales/1962_posiciones_finales.php,2026-03-16T22:27:51.330141
1962,6,URSS,Cuartos de Final,5,4,2,1,1,9,7,2,https://www.losmundialesdefutbol.com/mundiales/1962_posiciones_finales.php,2026-03-16T22:27:51.330141
1962,7,Alemania Occidental,Cuartos de Final,5,4,2,1,1,4,2,2,https://www.losmundialesdefutbol.com/mundiales/1962_posiciones_finales.php,2026-03-16T22:27:51.330141
1962,8,Inglaterra,Cuartos de Final,3,4,1,1,2,5,6,-1,https://www.losmundialesdefutbol.com/mundiales/1962_posiciones_finales.php,2026-03-16T22:27:51.330141
1962,9,Italia,Grupos 1ra Ronda,3,3,1,1,1,3,2,1,https://www.losmundialesdefutbol.com/mundiales/1962_posiciones_finales.php,2026-03-16T22:27:51.330141
1962,10,Argentina,Grupos 1ra Ronda,3,3,1,1,1,2,3,-1,https://www.losmundialesdefutbol.com/mundiales/1962_posiciones_finales.php,2026-03-16T22:27:51.330141
1962,11,México,Grupos 1ra Ronda,2,3,1,0,2,3,4,-1,https://www.losmundialesdefutbol.com/mundiales/1962_posiciones_finales.php,2026-03-16T22:27:51.330141
1962,12,España,Grupos 1ra Ronda,2,3,1,0,2,2,3,-1,https://www.losmundialesdefutbol.com/mundiales/1962_posiciones_finales.php,2026-03-16T22:27:51.330141
1962,13,Uruguay,Grupos 1ra Ronda,2,3,1,0,2,4,6,-2,https://www.losmundialesdefutbol.com/mundiales/1962_posiciones_finales.php,2026-03-16T22:27:51.330141
1962,14,Colombia,Grupos 1ra Ronda,1,3,0,1,2,5,11,-6,https://www.losmundialesdefutbol.com/mundiales/1962_posiciones_finales.php,2026-03-16T22:27:51.330141
1962,15,Bulgaria,Grupos 1ra Ronda,1,3,0,1,2,1,7,-6,https://www.losmundialesdefutbol.com/mundiales/1962_posiciones_finales.php,2026-03-16T22:27:51.330141
1962,16,Suiza,Grupos 1ra Ronda,0,3,0,0,3,2,8,-6,https://www.losmundialesdefutbol.com/mundiales/1962_posiciones_finales.php,2026-03-16T22:27:51.330141
1958,1,Brasil,Final,11,6,5,1,0,16,4,12,https://www.losmundialesdefutbol.com/mundiales/1958_posiciones_finales.php,2026-03-16T22:28:00.947646
1958,2,Suecia,Final,9,6,4,1,1,12,7,5,https://www.losmundialesdefutbol.com/mundiales/1958_posiciones_finales.php,2026-03-16T22:28:00.947646
1958,3,Francia,Partido 3er Puesto,8,6,4,0,2,23,15,8,https://www.losmundialesdefutbol.com/mundiales/1958_posiciones_finales.php,2026-03-16T22:28:00.947646
1958,4,Alemania Occidental,Partido 3er Puesto,6,6,2,2,2,12,14,-2,https://www.losmundialesdefutbol.com/mundiales/1958_posiciones_finales.php,2026-03-16T22:28:00.947646
1958,5,Gales,Cuartos de Final,5,5,1,3,1,4,4,0,https://www.losmundialesdefutbol.com/mundiales/1958_posiciones_finales.php,2026-03-16T22:28:00.947646
1958,6,URSS,Cuartos de Final,5,5,2,1,2,5,6,-1,https://www.losmundialesdefutbol.com/mundiales/1958_posiciones_finales.php,2026-03-16T22:28:00.947646
1958,7,Irlanda del Norte,Cuartos de Final,5,5,2,1,2,6,10,-4,https://www.losmundialesdefutbol.com/mundiales/1958_posiciones_finales.php,2026-03-16T22:28:00.947646
1958,8,Yugoslavia,Cuartos de Final,4,4,1,2,1,7,7,0,https://www.losmundialesdefutbol.com/mundiales/1958_posiciones_finales.php,2026-03-16T22:28:00.947646
1958,9,Checoslovaquia,Grupos 1ra Ronda,3,4,1,1,2,9,6,3,https://www.losmundialesdefutbol.com/mundiales/1958_posiciones_finales.php,2026-03-16T22:28:00.947646
1958,10,Hungría,Grupos 1ra Ronda,3,4,1,1,2,7,5,2,https://www.losmundialesdefutbol.com/mundiales/1958_posiciones_finales.php,2026-03-16T22:28:00.947646
1958,11,Inglaterra,Grupos 1ra Ronda,3,4,0,3,1,4,5,-1,https://www.losmundialesdefutbol.com/mundiales/1958_posiciones_finales.php,2026-03-16T22:28:00.947646
1958,12,Paraguay,Grupos 1ra Ronda,3,3,1,1,1,9,12,-3,https://www.losmundialesdefutbol.com/mundiales/1958_posiciones_finales.php,2026-03-16T22:28:00.947646
1958,13,Argentina,Grupos 1ra Ronda,2,3,1,0,2,5,10,-5,https://www.losmundialesdefutbol.com/mundiales/1958_posiciones_finales.php,2026-03-16T22:28:00.947646
1958,14,Escocia,Grupos 1ra Ronda,1,3,0,1,2,4,6,-2,https://www.losmundialesdefutbol.com/mundiales/1958_posiciones_finales.php,2026-03-16T22:28:00.947646
1958,15,Austria,Grupos 1ra Ronda,1,3,0,1,2,2,7,-5,https://www.losmundialesdefutbol.com/mundiales/1958_posiciones_finales.php,2026-03-16T22:28:00.947646
1958,16,México,Grupos 1ra Ronda,1,3,0,1,2,1,8,-7,https://www.losmundialesdefutbol.com/mundiales/1958_posiciones_finales.php,2026-03-16T22:28:00.947646
1954,1,Alemania Occidental,Final,10,6,5,0,1,25,14,11,https://www.losmundialesdefutbol.com/mundiales/1954_posiciones_finales.php,2026-03-16T22:28:09.548554
1954,2,Hungría,Final,8,5,4,0,1,27,10,17,https://www.losmundialesdefutbol.com/mundiales/1954_posiciones_finales.php,2026-03-16T22:28:09.548554
1954,3,Austria,Partido 3er Puesto,8,5,4,0,1,17,12,5,https://www.losmundialesdefutbol.com/mundiales/1954_posiciones_finales.php,2026-03-16T22:28:09.548554
1954,4,Uruguay,Partido 3er Puesto,6,5,3,0,2,16,9,7,https://www.losmundialesdefutbol.com/mundiales/1954_posiciones_finales.php,2026-03-16T22:28:09.548554
1954,5,Suiza,Cuartos de Final,4,4,2,0,2,11,11,0,https://www.losmundialesdefutbol.com/mundiales/1954_posiciones_finales.php,2026-03-16T22:28:09.548554
1954,6,Brasil,Cuartos de Final,3,3,1,1,1,8,5,3,https://www.losmundialesdefutbol.com/mundiales/1954_posiciones_finales.php,2026-03-16T22:28:09.548554
1954,7,Inglaterra,Cuartos de Final,3,3,1,1,1,8,8,0,https://www.losmundialesdefutbol.com/mundiales/1954_posiciones_finales.php,2026-03-16T22:28:09.548554
1954,8,Yugoslavia,Cuartos de Final,3,3,1,1,1,2,3,-1,https://www.losmundialesdefutbol.com/mundiales/1954_posiciones_finales.php,2026-03-16T22:28:09.548554
1954,9,Francia,Grupos 1ra Ronda,2,2,1,0,1,3,3,0,https://www.losmundialesdefutbol.com/mundiales/1954_posiciones_finales.php,2026-03-16T22:28:09.548554
1954,10,Italia,Grupos 1ra Ronda,2,3,1,0,2,6,7,-1,https://www.losmundialesdefutbol.com/mundiales/1954_posiciones_finales.php,2026-03-16T22:28:09.548554
1954,11,Turquía,Grupos 1ra Ronda,2,3,1,0,2,10,11,-1,https://www.losmundialesdefutbol.com/mundiales/1954_posiciones_finales.php,2026-03-16T22:28:09.548554
1954,12,Bélgica,Grupos 1ra Ronda,1,2,0,1,1,5,8,-3,https://www.losmundialesdefutbol.com/mundiales/1954_posiciones_finales.php,2026-03-16T22:28:09.548554
1954,13,México,Grupos 1ra Ronda,0,2,0,0,2,2,8,-6,https://www.losmundialesdefutbol.com/mundiales/1954_posiciones_finales.php,2026-03-16T22:28:09.548554
1954,14,Checoslovaquia,Grupos 1ra Ronda,0,2,0,0,2,0,7,-7,https://www.losmundialesdefutbol.com/mundiales/1954_posiciones_finales.php,2026-03-16T22:28:09.548554
1954,15,Escocia,Grupos 1ra Ronda,0,2,0,0,2,0,8,-8,https://www.losmundialesdefutbol.com/mundiales/1954_posiciones_finales.php,2026-03-16T22:28:09.548554
1954,16,Corea del Sur,Grupos 1ra Ronda,0,2,0,0,2,0,16,-16,https://www.losmundialesdefutbol.com/mundiales/1954_posiciones_finales.php,2026-03-16T22:28:09.548554
1950,1,Uruguay,Ronda Final,7,4,3,1,0,15,5,10,https://www.losmundialesdefutbol.com/mundiales/1950_posiciones_finales.php,2026-03-16T22:28:15.791338
1950,2,Brasil,Ronda Final,9,6,4,1,1,22,6,16,https://www.losmundialesdefutbol.com/mundiales/1950_posiciones_finales.php,2026-03-16T22:28:15.791338
1950,3,Suecia,Ronda Final,5,5,2,1,2,11,15,-4,https://www.losmundialesdefutbol.com/mundiales/1950_posiciones_finales.php,2026-03-16T22:28:15.791338
1950,4,España,Ronda Final,7,6,3,1,2,10,12,-2,https://www.losmundialesdefutbol.com/mundiales/1950_posiciones_finales.php,2026-03-16T22:28:15.791338
1950,5,Yugoslavia,Grupos 1ra Ronda,4,3,2,0,1,7,3,4,https://www.losmundialesdefutbol.com/mundiales/1950_posiciones_finales.php,2026-03-16T22:28:15.791338
1950,6,Suiza,Grupos 1ra Ronda,3,3,1,1,1,4,6,-2,https://www.losmundialesdefutbol.com/mundiales/1950_posiciones_finales.php,2026-03-16T22:28:15.791338
1950,7,Italia,Grupos 1ra Ronda,2,2,1,0,1,4,3,1,https://www.losmundialesdefutbol.com/mundiales/1950_posiciones_finales.php,2026-03-16T22:28:15.791338
1950,8,Inglaterra,Grupos 1ra Ronda,2,3,1,0,2,2,2,0,https://www.losmundialesdefutbol.com/mundiales/1950_posiciones_finales.php,2026-03-16T22:28:15.791338
1950,9,Chile,Grupos 1ra Ronda,2,3,1,0,2,5,6,-1,https://www.losmundialesdefutbol.com/mundiales/1950_posiciones_finales.php,2026-03-16T22:28:15.791338
1950,10,Estados Unidos,Grupos 1ra Ronda,2,3,1,0,2,4,8,-4,https://www.losmundialesdefutbol.com/mundiales/1950_posiciones_finales.php,2026-03-16T22:28:15.791338
1950,11,Paraguay,Grupos 1ra Ronda,1,2,0,1,1,2,4,-2,https://www.losmundialesdefutbol.com/mundiales/1950_posiciones_finales.php,2026-03-16T22:28:15.791338
1950,12,México,Grupos 1ra Ronda,0,3,0,0,3,2,10,-8,https://www.losmundialesdefutbol.com/mundiales/1950_posiciones_finales.php,2026-03-16T22:28:15.791338
1950,13,Bolivia,Grupos 1ra Ronda,0,1,0,0,1,0,8,-8,https://www.losmundialesdefutbol.com/mundiales/1950_posiciones_finales.php,2026-03-16T22:28:15.791338
1938,1,Italia,Final,8,4,4,0,0,11,5,6,https://www.losmundialesdefutbol.com/mundiales/1938_posiciones_finales.php,2026-03-16T22:28:25.054356
1938,2,Hungría,Final,6,4,3,0,1,15,5,10,https://www.losmundialesdefutbol.com/mundiales/1938_posiciones_finales.php,2026-03-16T22:28:25.054356
1938,3,Brasil,Partido 3er Puesto,7,5,3,1,1,14,11,3,https://www.losmundialesdefutbol.com/mundiales/1938_posiciones_finales.php,2026-03-16T22:28:25.054356
1938,4,Suecia,Partido 3er Puesto,2,3,1,0,2,11,9,2,https://www.losmundialesdefutbol.com/mundiales/1938_posiciones_finales.php,2026-03-16T22:28:25.054356
1938,5,Checoslovaquia,Cuartos de Final,3,3,1,1,1,5,3,2,https://www.losmundialesdefutbol.com/mundiales/1938_posiciones_finales.php,2026-03-16T22:28:25.054356
1938,6,Suiza,Cuartos de Final,3,3,1,1,1,5,5,0,https://www.losmundialesdefutbol.com/mundiales/1938_posiciones_finales.php,2026-03-16T22:28:25.054356
1938,7,Cuba,Cuartos de Final,3,3,1,1,1,5,12,-7,https://www.losmundialesdefutbol.com/mundiales/1938_posiciones_finales.php,2026-03-16T22:28:25.054356
1938,8,Francia,Cuartos de Final,2,2,1,0,1,4,4,0,https://www.losmundialesdefutbol.com/mundiales/1938_posiciones_finales.php,2026-03-16T22:28:25.054356
1938,9,Rumania,Octavos de Final,1,2,0,1,1,4,5,-1,https://www.losmundialesdefutbol.com/mundiales/1938_posiciones_finales.php,2026-03-16T22:28:25.054356
1938,10,Alemania,Octavos de Final,1,2,0,1,1,3,5,-2,https://www.losmundialesdefutbol.com/mundiales/1938_posiciones_finales.php,2026-03-16T22:28:25.054356
1938,11,Polonia,Octavos de Final,0,1,0,0,1,5,6,-1,https://www.losmundialesdefutbol.com/mundiales/1938_posiciones_finales.php,2026-03-16T22:28:25.054356
1938,12,Noruega,Octavos de Final,0,1,0,0,1,1,2,-1,https://www.losmundialesdefutbol.com/mundiales/1938_posiciones_finales.php,2026-03-16T22:28:25.054356
1938,13,Bélgica,Octavos de Final,0,1,0,0,1,1,3,-2,https://www.losmundialesdefutbol.com/mundiales/1938_posiciones_finales.php,2026-03-16T22:28:25.054356
1938,14,Paises Bajos,Octavos de Final,0,1,0,0,1,0,3,-3,https://www.losmundialesdefutbol.com/mundiales/1938_posiciones_finales.php,2026-03-16T22:28:25.054356
1938,15,Indias Orientales Holand.,Octavos de Final,0,1,0,0,1,0,6,-6,https://www.losmundialesdefutbol.com/mundiales/1938_posiciones_finales.php,2026-03-16T22:28:25.054356
1938,16,Austria,Octavos de Final,0,0,0,0,0,0,0,0,https://www.losmundialesdefutbol.com/mundiales/1938_posiciones_finales.php,2026-03-16T22:28:25.054356
1934,1,Italia,Final,9,5,4,1,0,12,3,9,https://www.losmundialesdefutbol.com/mundiales/1934_posiciones_finales.php,2026-03-16T22:28:33.706950
1934,2,Checoslovaquia,Final,6,4,3,0,1,9,6,3,https://www.losmundialesdefutbol.com/mundiales/1934_posiciones_finales.php,2026-03-16T22:28:33.706950
1934,3,Alemania,Partido 3er Puesto,6,4,3,0,1,11,8,3,https://www.losmundialesdefutbol.com/mundiales/1934_posiciones_finales.php,2026-03-16T22:28:33.706950
1934,4,Austria,Partido 3er Puesto,4,4,2,0,2,7,7,0,https://www.losmundialesdefutbol.com/mundiales/1934_posiciones_finales.php,2026-03-16T22:28:33.706950
1934,5,España,Cuartos de Final,3,3,1,1,1,4,3,1,https://www.losmundialesdefutbol.com/mundiales/1934_posiciones_finales.php,2026-03-16T22:28:33.706950
1934,6,Hungría,Cuartos de Final,2,2,1,0,1,5,4,1,https://www.losmundialesdefutbol.com/mundiales/1934_posiciones_finales.php,2026-03-16T22:28:33.706950
1934,7,Suiza,Cuartos de Final,2,2,1,0,1,5,5,0,https://www.losmundialesdefutbol.com/mundiales/1934_posiciones_finales.php,2026-03-16T22:28:33.706950
1934,8,Suecia,Cuartos de Final,2,2,1,0,1,4,4,0,https://www.losmundialesdefutbol.com/mundiales/1934_posiciones_finales.php,2026-03-16T22:28:33.706950
1934,9,Argentina,Octavos de Final,0,1,0,0,1,2,3,-1,https://www.losmundialesdefutbol.com/mundiales/1934_posiciones_finales.php,2026-03-16T22:28:33.706950
1934,9,Francia,Octavos de Final,0,1,0,0,1,2,3,-1,https://www.losmundialesdefutbol.com/mundiales/1934_posiciones_finales.php,2026-03-16T22:28:33.706950
1934,9,Paises Bajos,Octavos de Final,0,1,0,0,1,2,3,-1,https://www.losmundialesdefutbol.com/mundiales/1934_posiciones_finales.php,2026-03-16T22:28:33.706950
1934,12,Rumania,Octavos de Final,0,1,0,0,1,1,2,-1,https://www.losmundialesdefutbol.com/mundiales/1934_posiciones_finales.php,2026-03-16T22:28:33.706950
1934,13,Egipto,Octavos de Final,0,1,0,0,1,2,4,-2,https://www.losmundialesdefutbol.com/mundiales/1934_posiciones_finales.php,2026-03-16T22:28:33.706950
1934,14,Brasil,Octavos de Final,0,1,0,0,1,1,3,-2,https://www.losmundialesdefutbol.com/mundiales/1934_posiciones_finales.php,2026-03-16T22:28:33.706950
1934,15,Bélgica,Octavos de Final,0,1,0,0,1,2,5,-3,https://www.losmundialesdefutbol.com/mundiales/1934_posiciones_finales.php,2026-03-16T22:28:33.706950
1934,16,Estados Unidos,Octavos de Final,0,1,0,0,1,1,7,-6,https://www.losmundialesdefutbol.com/mundiales/1934_posiciones_finales.php,2026-03-16T22:28:33.706950
1930,1,Uruguay,Final,8,4,4,0,0,15,3,12,https://www.losmundialesdefutbol.com/mundiales/1930_posiciones_finales.php,2026-03-16T22:28:43.230380
1930,2,Argentina,Final,8,5,4,0,1,18,9,9,https://www.losmundialesdefutbol.com/mundiales/1930_posiciones_finales.php,2026-03-16T22:28:43.230380
1930,3,Estados Unidos,Partido 3er Puesto,4,3,2,0,1,7,6,1,https://www.losmundialesdefutbol.com/mundiales/1930_posiciones_finales.php,2026-03-16T22:28:43.230380
1930,4,Yugoslavia,Partido 3er Puesto,4,3,2,0,1,7,7,0,https://www.losmundialesdefutbol.com/mundiales/1930_posiciones_finales.php,2026-03-16T22:28:43.230380
1930,5,Chile,Grupos 1ra Ronda,4,3,2,0,1,5,3,2,https://www.losmundialesdefutbol.com/mundiales/1930_posiciones_finales.php,2026-03-16T22:28:43.230380
1930,6,Brasil,Grupos 1ra Ronda,2,2,1,0,1,5,2,3,https://www.losmundialesdefutbol.com/mundiales/1930_posiciones_finales.php,2026-03-16T22:28:43.230380
1930,7,Francia,Grupos 1ra Ronda,2,3,1,0,2,4,3,1,https://www.losmundialesdefutbol.com/mundiales/1930_posiciones_finales.php,2026-03-16T22:28:43.230380
1930,8,Rumania,Grupos 1ra Ronda,2,2,1,0,1,3,5,-2,https://www.losmundialesdefutbol.com/mundiales/1930_posiciones_finales.php,2026-03-16T22:28:43.230380
1930,9,Paraguay,Grupos 1ra Ronda,2,2,1,0,1,1,3,-2,https://www.losmundialesdefutbol.com/mundiales/1930_posiciones_finales.php,2026-03-16T22:28:43.230380
1930,10,Perú,Grupos 1ra Ronda,0,2,0,0,2,1,4,-3,https://www.losmundialesdefutbol.com/mundiales/1930_posiciones_finales.php,2026-03-16T22:28:43.230380
1930,11,Bélgica,Grupos 1ra Ronda,0,2,0,0,2,0,4,-4,https://www.losmundialesdefutbol.com/mundiales/1930_posiciones_finales.php,2026-03-16T22:28:43.230380
1930,12,Bolivia,Grupos 1ra Ronda,0,2,0,0,2,0,8,-8,https://www.losmundialesdefutbol.com/mundiales/1930_posiciones_finales.php,2026-03-16T22:28:43.230380
1930,13,México,Grupos 1ra Ronda,0,3,0,0,3,4,13,-9,https://www.losmundialesdefutbol.com/mundiales/1930_posiciones_finales.php,2026-03-16T22:28:43.230380
