mundial,grupo,posicion,seleccion,pj,pg,pe,pp,gf,gc,dif,pts,clasificado,url,fecha_scraping
2026,A,0,Corea del Sur,0,0,0,0,0,0,0,0,,https://www.losmundialesdefutbol.com/mundiales/2026_grupo_a.php,2026-03-16T22:47:12.491137
2026,A,0,México,0,0,0,0,0,0,0,0,,https://www.losmundialesdefutbol.com/mundiales/2026_grupo_a.php,2026-03-16T22:47:12.491137
2026,A,0,Sudáfrica,0,0,0,0,0,0,0,0,,https://www.losmundialesdefutbol.com/mundiales/2026_grupo_a.php,2026-03-16T22:47:12.491137
2026,B,0,Canadá,0,0,0,0,0,0,0,0,,https://www.losmundialesdefutbol.com/mundiales/2026_grupo_b.php,2026-03-16T22:47:14.048068
2026,B,0,Catar,0,0,0,0,0,0,0,0,,https://www.losmundialesdefutbol.com/mundiales/2026_grupo_b.php,2026-03-16T22:47:14.048068
2026,B,0,Suiza,0,0,0,0,0,0,0,0,,https://www.losmundialesdefutbol.com/mundiales/2026_grupo_b.php,2026-03-16T22:47:14.048068
2026,C,0,Brasil,0,0,0,0,0,0,0,0,,https://www.losmundialesdefutbol.com/mundiales/2026_grupo_c.php,2026-03-16T22:47:15.363365
2026,C,0,Escocia,0,0,0,0,0,0,0,0,,https://www.losmundialesdefutbol.com/mundiales/2026_grupo_c.php,2026-03-16T22:47:15.363365
2026,C,0,Haití,0,0,0,0,0,0,0,0,,https://www.losmundialesdefutbol.com/mundiales/2026_grupo_c.php,2026-03-16T22:47:15.363365
2026,C,0,Marruecos,0,0,0,0,0,0,0,0,,https://www.losmundialesdefutbol.com/mundiales/2026_grupo_c.php,2026-03-16T22:47:15.363365
2026,D,0,Australia,0,0,0,0,0,0,0,0,,https://www.losmundialesdefutbol.com/mundiales/2026_grupo_d.php,2026-03-16T22:47:17.444283
2026,D,0,Estados Unidos,0,0,0,0,0,0,0,0,,https://www.losmundialesdefutbol.com/mundiales/2026_grupo_d.php,2026-03-16T22:47:17.444283
2026,D,0,Paraguay,0,0,0,0,0,0,0,0,,https://www.losmundialesdefutbol.com/mundiales/2026_grupo_d.php,2026-03-16T22:47:17.444283
2026,E,0,Alemania,0,0,0,0,0,0,0,0,,https://www.losmundialesdefutbol.com/mundiales/2026_grupo_e.php,2026-03-16T22:47:19.770704
2026,E,0,Costa de Marfil,0,0,0,0,0,0,0,0,,https://www.losmundialesdefutbol.com/mundiales/2026_grupo_e.php,2026-03-16T22:47:19.770704
2026,E,0,Curazao,0,0,0,0,0,0,0,0,,https://www.losmundialesdefutbol.com/mundiales/2026_grupo_e.php,2026-03-16T22:47:19.770704
2026,E,0,Ecuador,0,0,0,0,0,0,0,0,,https://www.losmundialesdefutbol.com/mundiales/2026_grupo_e.php,2026-03-16T22:47:19.770704
2026,F,0,Japón,0,0,0,0,0,0,0,0,,https://www.losmundialesdefutbol.com/mundiales/2026_grupo_f.php,2026-03-16T22:47:20.846396
2026,F,0,Paises Bajos,0,0,0,0,0,0,0,0,,https://www.losmundialesdefutbol.com/mundiales/2026_grupo_f.php,2026-03-16T22:47:20.846396
2026,F,0,Túnez,0,0,0,0,0,0,0,0,,https://www.losmundialesdefutbol.com/mundiales/2026_grupo_f.php,2026-03-16T22:47:20.846396
2026,G,0,Bélgica,0,0,0,0,0,0,0,0,,https://www.losmundialesdefutbol.com/mundiales/2026_grupo_g.php,2026-03-16T22:47:22.213400
2026,G,0,Egipto,0,0,0,0,0,0,0,0,,https://www.losmundialesdefutbol.com/mundiales/2026_grupo_g.php,2026-03-16T22:47:22.213400
2026,G,0,Irán,0,0,0,0,0,0,0,0,,https://www.losmundialesdefutbol.com/mundiales/2026_grupo_g.php,2026-03-16T22:47:22.213400
2026,G,0,Nueva Zelanda,0,0,0,0,0,0,0,0,,https://www.losmundialesdefutbol.com/mundiales/2026_grupo_g.php,2026-03-16T22:47:22.213400
2026,H,0,Arabia Saudita,0,0,0,0,0,0,0,0,,https://www.losmundialesdefutbol.com/mundiales/2026_grupo_h.php,2026-03-16T22:47:24.316221
2026,H,0,Cabo Verde,0,0,0,0,0,0,0,0,,https://www.losmundialesdefutbol.com/mundiales/2026_grupo_h.php,2026-03-16T22:47:24.316221
2026,H,0,España,0,0,0,0,0,0,0,0,,https://www.losmundialesdefutbol.com/mundiales/2026_grupo_h.php,2026-03-16T22:47:24.316221
2026,H,0,Uruguay,0,0,0,0,0,0,0,0,,https://www.losmundialesdefutbol.com/mundiales/2026_grupo_h.php,2026-03-16T22:47:24.316221
2026,I,0,Francia,0,0,0,0,0,0,0,0,,https://www.losmundialesdefutbol.com/mundiales/2026_grupo_i.php,2026-03-16T22:47:25.654538
2026,I,0,Noruega,0,0,0,0,0,0,0,0,,https://www.losmundialesdefutbol.com/mundiales/2026_grupo_i.php,2026-03-16T22:47:25.654538
2026,I,0,Senegal,0,0,0,0,0,0,0,0,,https://www.losmundialesdefutbol.com/mundiales/2026_grupo_i.php,2026-03-16T22:47:25.654538
2026,J,0,Argelia,0,0,0,0,0,0,0,0,,https://www.losmundialesdefutbol.com/mundiales/2026_grupo_j.php,2026-03-16T22:47:27.727505
2026,J,0,Argentina,0,0,0,0,0,0,0,0,,https://www.losmundialesdefutbol.com/mundiales/2026_grupo_j.php,2026-03-16T22:47:27.727505
2026,J,0,Austria,0,0,0,0,0,0,0,0,,https://www.losmundialesdefutbol.com/mundiales/2026_grupo_j.php,2026-03-16T22:47:27.727505
2026,J,0,Jordania,0,0,0,0,0,0,0,0,,https://www.losmundialesdefutbol.com/mundiales/2026_grupo_j.php,2026-03-16T22:47:27.727505
2026,K,0,Colombia,0,0,0,0,0,0,0,0,,https://www.losmundialesdefutbol.com/mundiales/2026_grupo_k.php,2026-03-16T22:47:30.574381
2026,K,0,Portugal,0,0,0,0,0,0,0,0,,https://www.losmundialesdefutbol.com/mundiales/2026_grupo_k.php,2026-03-16T22:47:30.574381
2026,K,0,Uzbekistán,0,0,0,0,0,0,0,0,,https://www.losmundialesdefutbol.com/mundiales/2026_grupo_k.php,2026-03-16T22:47:30.574381
2026,L,0,Croacia,0,0,0,0,0,0,0,0,,https://www.losmundialesdefutbol.com/mundiales/2026_grupo_l.php,2026-03-16T22:47:31.966713
2026,L,0,Ghana,0,0,0,0,0,0,0,0,,https://www.losmundialesdefutbol.com/mundiales/2026_grupo_l.php,2026-03-16T22:47:31.966713
2026,L,0,Inglaterra,0,0,0,0,0,0,0,0,,https://www.losmundialesdefutbol.com/mundiales/2026_grupo_l.php,2026-03-16T22:47:31.966713
2026,L,0,Panamá,0,0,0,0,0,0,0,0,,https://www.losmundialesdefutbol.com/mundiales/2026_grupo_l.php,2026-03-16T22:47:31.966713
2022,A,1,Paises Bajos,3,2,1,0,5,1,4,7,Si,https://www.losmundialesdefutbol.com/mundiales/2022_grupo_a.php,2026-03-16T23:00:08.213230
2022,A,2,Senegal,3,2,0,1,5,4,1,6,Si,https://www.losmundialesdefutbol.com/mundiales/2022_grupo_a.php,2026-03-16T23:00:08.213230
2022,A,3,Ecuador,3,1,1,1,4,3,1,4,No,https://www.losmundialesdefutbol.com/mundiales/2022_grupo_a.php,2026-03-16T23:00:08.213230
2022,A,4,Catar,3,0,0,3,1,7,-6,0,No,https://www.losmundialesdefutbol.com/mundiales/2022_grupo_a.php,2026-03-16T23:00:08.213230
2022,B,1,Inglaterra,3,2,1,0,9,2,7,7,Si,https://www.losmundialesdefutbol.com/mundiales/2022_grupo_b.php,2026-03-16T23:00:09.767221
2022,B,2,Estados Unidos,3,1,2,0,2,1,1,5,Si,https://www.losmundialesdefutbol.com/mundiales/2022_grupo_b.php,2026-03-16T23:00:09.767221
2022,B,3,Irán,3,1,0,2,4,7,-3,3,No,https://www.losmundialesdefutbol.com/mundiales/2022_grupo_b.php,2026-03-16T23:00:09.767221
2022,B,4,Gales,3,0,1,2,1,6,-5,1,No,https://www.losmundialesdefutbol.com/mundiales/2022_grupo_b.php,2026-03-16T23:00:09.767221
2022,C,1,Argentina,3,2,0,1,5,2,3,6,Si,https://www.losmundialesdefutbol.com/mundiales/2022_grupo_c.php,2026-03-16T23:00:11.990479
2022,C,2,Polonia,3,1,1,1,2,2,0,4,Si,https://www.losmundialesdefutbol.com/mundiales/2022_grupo_c.php,2026-03-16T23:00:11.990479
2022,C,3,México,3,1,1,1,2,3,-1,4,No,https://www.losmundialesdefutbol.com/mundiales/2022_grupo_c.php,2026-03-16T23:00:11.990479
2022,C,4,Arabia Saudita,3,1,0,2,3,5,-2,3,No,https://www.losmundialesdefutbol.com/mundiales/2022_grupo_c.php,2026-03-16T23:00:11.990479
2022,D,1,Francia,3,2,0,1,6,3,3,6,Si,https://www.losmundialesdefutbol.com/mundiales/2022_grupo_d.php,2026-03-16T23:00:14.242661
2022,D,2,Australia,3,2,0,1,3,4,-1,6,Si,https://www.losmundialesdefutbol.com/mundiales/2022_grupo_d.php,2026-03-16T23:00:14.242661
2022,D,3,Túnez,3,1,1,1,1,1,0,4,No,https://www.losmundialesdefutbol.com/mundiales/2022_grupo_d.php,2026-03-16T23:00:14.242661
2022,D,4,Dinamarca,3,0,1,2,1,3,-2,1,No,https://www.losmundialesdefutbol.com/mundiales/2022_grupo_d.php,2026-03-16T23:00:14.242661
2022,E,1,Japón,3,2,0,1,4,3,1,6,Si,https://www.losmundialesdefutbol.com/mundiales/2022_grupo_e.php,2026-03-16T23:00:15.678481
2022,E,2,España,3,1,1,1,9,3,6,4,Si,https://www.losmundialesdefutbol.com/mundiales/2022_grupo_e.php,2026-03-16T23:00:15.678481
2022,E,3,Alemania,3,1,1,1,6,5,1,4,No,https://www.losmundialesdefutbol.com/mundiales/2022_grupo_e.php,2026-03-16T23:00:15.678481
2022,E,4,Costa Rica,3,1,0,2,3,11,-8,3,No,https://www.losmundialesdefutbol.com/mundiales/2022_grupo_e.php,2026-03-16T23:00:15.678481
2022,F,1,Marruecos,3,2,1,0,4,1,3,7,Si,https://www.losmundialesdefutbol.com/mundiales/2022_grupo_f.php,2026-03-16T23:00:17.622863
2022,F,2,Croacia,3,1,2,0,4,1,3,5,Si,https://www.losmundialesdefutbol.com/mundiales/2022_grupo_f.php,2026-03-16T23:00:17.622863
2022,F,3,Bélgica,3,1,1,1,1,2,-1,4,No,https://www.losmundialesdefutbol.com/mundiales/2022_grupo_f.php,2026-03-16T23:00:17.622863
2022,F,4,Canadá,3,0,0,3,2,7,-5,0,No,https://www.losmundialesdefutbol.com/mundiales/2022_grupo_f.php,2026-03-16T23:00:17.622863
2022,G,1,Brasil,3,2,0,1,3,1,2,6,Si,https://www.losmundialesdefutbol.com/mundiales/2022_grupo_g.php,2026-03-16T23:00:19.094557
2022,G,2,Suiza,3,2,0,1,4,3,1,6,Si,https://www.losmundialesdefutbol.com/mundiales/2022_grupo_g.php,2026-03-16T23:00:19.094557
2022,G,3,Camerún,3,1,1,1,4,4,0,4,No,https://www.losmundialesdefutbol.com/mundiales/2022_grupo_g.php,2026-03-16T23:00:19.094557
2022,G,4,Serbia,3,0,1,2,5,8,-3,1,No,https://www.losmundialesdefutbol.com/mundiales/2022_grupo_g.php,2026-03-16T23:00:19.094557
2022,H,1,Portugal,3,2,0,1,6,4,2,6,Si,https://www.losmundialesdefutbol.com/mundiales/2022_grupo_h.php,2026-03-16T23:00:20.305670
2022,H,2,Corea del Sur,3,1,1,1,4,4,0,4,Si,https://www.losmundialesdefutbol.com/mundiales/2022_grupo_h.php,2026-03-16T23:00:20.305670
2022,H,3,Uruguay,3,1,1,1,2,2,0,4,No,https://www.losmundialesdefutbol.com/mundiales/2022_grupo_h.php,2026-03-16T23:00:20.305670
2022,H,4,Ghana,3,1,0,2,5,7,-2,3,No,https://www.losmundialesdefutbol.com/mundiales/2022_grupo_h.php,2026-03-16T23:00:20.305670
1930,1,1,Argentina,3,3,0,0,10,4,6,6,Si,https://www.losmundialesdefutbol.com/mundiales/1930_grupo_1.php,2026-03-16T23:06:20.278691
1930,1,2,Chile,3,2,0,1,5,3,2,4,No,https://www.losmundialesdefutbol.com/mundiales/1930_grupo_1.php,2026-03-16T23:06:20.278691
1930,1,3,Francia,3,1,0,2,4,3,1,2,No,https://www.losmundialesdefutbol.com/mundiales/1930_grupo_1.php,2026-03-16T23:06:20.278691
1930,1,4,México,3,0,0,3,4,13,-9,0,No,https://www.losmundialesdefutbol.com/mundiales/1930_grupo_1.php,2026-03-16T23:06:20.278691
1930,2,1,Yugoslavia,2,2,0,0,6,1,5,4,Si,https://www.losmundialesdefutbol.com/mundiales/1930_grupo_2.php,2026-03-16T23:06:21.945460
1930,2,2,Brasil,2,1,0,1,5,2,3,2,No,https://www.losmundialesdefutbol.com/mundiales/1930_grupo_2.php,2026-03-16T23:06:21.945460
1930,2,3,Bolivia,2,0,0,2,0,8,-8,0,No,https://www.losmundialesdefutbol.com/mundiales/1930_grupo_2.php,2026-03-16T23:06:21.945460
1930,3,1,Uruguay,2,2,0,0,5,0,5,4,Si,https://www.losmundialesdefutbol.com/mundiales/1930_grupo_3.php,2026-03-16T23:06:23.511206
1930,3,2,Rumania,2,1,0,1,3,5,-2,2,No,https://www.losmundialesdefutbol.com/mundiales/1930_grupo_3.php,2026-03-16T23:06:23.511206
1930,3,3,Perú,2,0,0,2,1,4,-3,0,No,https://www.losmundialesdefutbol.com/mundiales/1930_grupo_3.php,2026-03-16T23:06:23.511206
1930,4,1,Estados Unidos,2,2,0,0,6,0,6,4,Si,https://www.losmundialesdefutbol.com/mundiales/1930_grupo_4.php,2026-03-16T23:06:25.670322
1930,4,2,Paraguay,2,1,0,1,1,3,-2,2,No,https://www.losmundialesdefutbol.com/mundiales/1930_grupo_4.php,2026-03-16T23:06:25.670322
1930,4,3,Bélgica,2,0,0,2,0,4,-4,0,No,https://www.losmundialesdefutbol.com/mundiales/1930_grupo_4.php,2026-03-16T23:06:25.670322
1950,1,1,Brasil,3,2,1,0,8,2,6,5,Si,https://www.losmundialesdefutbol.com/mundiales/1950_grupo_1.php,2026-03-16T23:07:21.679830
1950,1,2,Yugoslavia,3,2,0,1,7,3,4,4,No,https://www.losmundialesdefutbol.com/mundiales/1950_grupo_1.php,2026-03-16T23:07:21.679830
1950,1,3,Suiza,3,1,1,1,4,6,-2,3,No,https://www.losmundialesdefutbol.com/mundiales/1950_grupo_1.php,2026-03-16T23:07:21.679830
1950,1,4,México,3,0,0,3,2,10,-8,0,No,https://www.losmundialesdefutbol.com/mundiales/1950_grupo_1.php,2026-03-16T23:07:21.679830
1950,2,1,España,3,3,0,0,6,1,5,6,Si,https://www.losmundialesdefutbol.com/mundiales/1950_grupo_2.php,2026-03-16T23:07:23.556384
1950,2,2,Inglaterra,3,1,0,2,2,2,0,2,No,https://www.losmundialesdefutbol.com/mundiales/1950_grupo_2.php,2026-03-16T23:07:23.556384
1950,2,3,Chile,3,1,0,2,5,6,-1,2,No,https://www.losmundialesdefutbol.com/mundiales/1950_grupo_2.php,2026-03-16T23:07:23.556384
1950,2,4,Estados Unidos,3,1,0,2,4,8,-4,2,No,https://www.losmundialesdefutbol.com/mundiales/1950_grupo_2.php,2026-03-16T23:07:23.556384
1950,3,1,Suecia,2,1,1,0,5,4,1,3,Si,https://www.losmundialesdefutbol.com/mundiales/1950_grupo_3.php,2026-03-16T23:07:27.683433
1950,3,2,Italia,2,1,0,1,4,3,1,2,No,https://www.losmundialesdefutbol.com/mundiales/1950_grupo_3.php,2026-03-16T23:07:27.683433
1950,3,3,Paraguay,2,0,1,1,2,4,-2,1,No,https://www.losmundialesdefutbol.com/mundiales/1950_grupo_3.php,2026-03-16T23:07:27.683433
1950,4,1,Uruguay,1,1,0,0,8,0,8,2,Si,https://www.losmundialesdefutbol.com/mundiales/1950_grupo_4.php,2026-03-16T23:07:30.269491
1950,4,2,Bolivia,1,0,0,1,0,8,-8,0,No,https://www.losmundialesdefutbol.com/mundiales/1950_grupo_4.php,2026-03-16T23:07:30.269491
1950,F,1,Uruguay,3,2,1,0,7,5,2,5,Si,https://www.losmundialesdefutbol.com/mundiales/1950_grupo_f.php,2026-03-16T23:07:31.605602
1950,F,2,Brasil,3,2,0,1,14,4,10,4,No,https://www.losmundialesdefutbol.com/mundiales/1950_grupo_f.php,2026-03-16T23:07:31.605602
1950,F,3,Suecia,3,1,0,2,6,11,-5,2,No,https://www.losmundialesdefutbol.com/mundiales/1950_grupo_f.php,2026-03-16T23:07:31.605602
1950,F,4,España,3,0,1,2,4,11,-7,1,No,https://www.losmundialesdefutbol.com/mundiales/1950_grupo_f.php,2026-03-16T23:07:31.605602
1954,1,1,Brasil,2,1,1,0,6,1,5,3,Si,https://www.losmundialesdefutbol.com/mundiales/1954_grupo_1.php,2026-03-16T23:08:09.668337
1954,1,2,Yugoslavia,2,1,1,0,2,1,1,3,Si,https://www.losmundialesdefutbol.com/mundiales/1954_grupo_1.php,2026-03-16T23:08:09.668337
1954,1,3,Francia,2,1,0,1,3,3,0,2,No,https://www.losmundialesdefutbol.com/mundiales/1954_grupo_1.php,2026-03-16T23:08:09.668337
1954,1,4,México,2,0,0,2,2,8,-6,0,No,https://www.losmundialesdefutbol.com/mundiales/1954_grupo_1.php,2026-03-16T23:08:09.668337
1954,2,1,Hungría,2,2,0,0,17,3,14,4,Si,https://www.losmundialesdefutbol.com/mundiales/1954_grupo_2.php,2026-03-16T23:08:12.740723
1954,2,2,Alemania Occidental,2,1,0,1,7,9,-2,2,Si,https://www.losmundialesdefutbol.com/mundiales/1954_grupo_2.php,2026-03-16T23:08:12.740723
1954,2,3,Turquía,2,1,0,1,8,4,4,2,No,https://www.losmundialesdefutbol.com/mundiales/1954_grupo_2.php,2026-03-16T23:08:12.740723
1954,2,4,Corea del Sur,2,0,0,2,0,16,-16,0,No,https://www.losmundialesdefutbol.com/mundiales/1954_grupo_2.php,2026-03-16T23:08:12.740723
1954,3,1,Uruguay,2,2,0,0,9,0,9,4,Si,https://www.losmundialesdefutbol.com/mundiales/1954_grupo_3.php,2026-03-16T23:08:13.769190
1954,3,2,Austria,2,2,0,0,6,0,6,4,Si,https://www.losmundialesdefutbol.com/mundiales/1954_grupo_3.php,2026-03-16T23:08:13.769190
1954,3,3,Checoslovaquia,2,0,0,2,0,7,-7,0,No,https://www.losmundialesdefutbol.com/mundiales/1954_grupo_3.php,2026-03-16T23:08:13.769190
1954,3,4,Escocia,2,0,0,2,0,8,-8,0,No,https://www.losmundialesdefutbol.com/mundiales/1954_grupo_3.php,2026-03-16T23:08:13.769190
1954,4,1,Inglaterra,2,1,1,0,6,4,2,3,Si,https://www.losmundialesdefutbol.com/mundiales/1954_grupo_4.php,2026-03-16T23:08:15.601493
1954,4,2,Suiza,2,1,0,1,2,3,-1,2,Si,https://www.losmundialesdefutbol.com/mundiales/1954_grupo_4.php,2026-03-16T23:08:15.601493
1954,4,3,Italia,2,1,0,1,5,3,2,2,No,https://www.losmundialesdefutbol.com/mundiales/1954_grupo_4.php,2026-03-16T23:08:15.601493
1954,4,4,Bélgica,2,0,1,1,5,8,-3,1,No,https://www.losmundialesdefutbol.com/mundiales/1954_grupo_4.php,2026-03-16T23:08:15.601493
1958,1,1,Alemania Occidental,3,1,2,0,7,5,2,4,Si,https://www.losmundialesdefutbol.com/mundiales/1958_grupo_1.php,2026-03-16T23:08:56.059345
1958,1,2,Irlanda del Norte,3,1,1,1,4,5,-1,3,Si,https://www.losmundialesdefutbol.com/mundiales/1958_grupo_1.php,2026-03-16T23:08:56.059345
1958,1,3,Checoslovaquia,3,1,1,1,8,4,4,3,No,https://www.losmundialesdefutbol.com/mundiales/1958_grupo_1.php,2026-03-16T23:08:56.059345
1958,1,4,Argentina,3,1,0,2,5,10,-5,2,No,https://www.losmundialesdefutbol.com/mundiales/1958_grupo_1.php,2026-03-16T23:08:56.059345
1958,2,1,Francia,3,2,0,1,11,7,4,4,Si,https://www.losmundialesdefutbol.com/mundiales/1958_grupo_2.php,2026-03-16T23:08:57.712126
1958,2,2,Yugoslavia,3,1,2,0,7,6,1,4,Si,https://www.losmundialesdefutbol.com/mundiales/1958_grupo_2.php,2026-03-16T23:08:57.712126
1958,2,3,Paraguay,3,1,1,1,9,12,-3,3,No,https://www.losmundialesdefutbol.com/mundiales/1958_grupo_2.php,2026-03-16T23:08:57.712126
1958,2,4,Escocia,3,0,1,2,4,6,-2,1,No,https://www.losmundialesdefutbol.com/mundiales/1958_grupo_2.php,2026-03-16T23:08:57.712126
1958,3,1,Suecia,3,2,1,0,5,1,4,5,Si,https://www.losmundialesdefutbol.com/mundiales/1958_grupo_3.php,2026-03-16T23:08:59.146600
1958,3,2,Gales,3,0,3,0,2,2,0,3,Si,https://www.losmundialesdefutbol.com/mundiales/1958_grupo_3.php,2026-03-16T23:08:59.146600
1958,3,3,Hungría,3,1,1,1,6,3,3,3,No,https://www.losmundialesdefutbol.com/mundiales/1958_grupo_3.php,2026-03-16T23:08:59.146600
1958,3,4,México,3,0,1,2,1,8,-7,1,No,https://www.losmundialesdefutbol.com/mundiales/1958_grupo_3.php,2026-03-16T23:08:59.146600
1958,4,1,Brasil,3,2,1,0,5,0,5,5,Si,https://www.losmundialesdefutbol.com/mundiales/1958_grupo_4.php,2026-03-16T23:09:00.682182
1958,4,2,URSS,3,1,1,1,4,4,0,3,Si,https://www.losmundialesdefutbol.com/mundiales/1958_grupo_4.php,2026-03-16T23:09:00.682182
1958,4,3,Inglaterra,3,0,3,0,4,4,0,3,No,https://www.losmundialesdefutbol.com/mundiales/1958_grupo_4.php,2026-03-16T23:09:00.682182
1958,4,4,Austria,3,0,1,2,2,7,-5,1,No,https://www.losmundialesdefutbol.com/mundiales/1958_grupo_4.php,2026-03-16T23:09:00.682182
1962,1,1,URSS,3,2,1,0,8,5,3,5,Si,https://www.losmundialesdefutbol.com/mundiales/1962_grupo_1.php,2026-03-16T23:09:38.161284
1962,1,2,Yugoslavia,3,2,0,1,8,3,5,4,Si,https://www.losmundialesdefutbol.com/mundiales/1962_grupo_1.php,2026-03-16T23:09:38.161284
1962,1,3,Uruguay,3,1,0,2,4,6,-2,2,No,https://www.losmundialesdefutbol.com/mundiales/1962_grupo_1.php,2026-03-16T23:09:38.161284
1962,1,4,Colombia,3,0,1,2,5,11,-6,1,No,https://www.losmundialesdefutbol.com/mundiales/1962_grupo_1.php,2026-03-16T23:09:38.161284
1962,2,1,Alemania Occidental,3,2,1,0,4,1,3,5,Si,https://www.losmundialesdefutbol.com/mundiales/1962_grupo_2.php,2026-03-16T23:09:38.774805
1962,2,2,Chile,3,2,0,1,5,3,2,4,Si,https://www.losmundialesdefutbol.com/mundiales/1962_grupo_2.php,2026-03-16T23:09:38.774805
1962,2,3,Italia,3,1,1,1,3,2,1,3,No,https://www.losmundialesdefutbol.com/mundiales/1962_grupo_2.php,2026-03-16T23:09:38.774805
1962,2,4,Suiza,3,0,0,3,2,8,-6,0,No,https://www.losmundialesdefutbol.com/mundiales/1962_grupo_2.php,2026-03-16T23:09:38.774805
1962,3,1,Brasil,3,2,1,0,4,1,3,5,Si,https://www.losmundialesdefutbol.com/mundiales/1962_grupo_3.php,2026-03-16T23:09:40.921397
1962,3,2,Checoslovaquia,3,1,1,1,2,3,-1,3,Si,https://www.losmundialesdefutbol.com/mundiales/1962_grupo_3.php,2026-03-16T23:09:40.921397
1962,3,3,México,3,1,0,2,3,4,-1,2,No,https://www.losmundialesdefutbol.com/mundiales/1962_grupo_3.php,2026-03-16T23:09:40.921397
1962,3,4,España,3,1,0,2,2,3,-1,2,No,https://www.losmundialesdefutbol.com/mundiales/1962_grupo_3.php,2026-03-16T23:09:40.921397
1962,4,1,Hungría,3,2,1,0,8,2,6,5,Si,https://www.losmundialesdefutbol.com/mundiales/1962_grupo_4.php,2026-03-16T23:09:42.773420
1962,4,2,Inglaterra,3,1,1,1,4,3,1,3,Si,https://www.losmundialesdefutbol.com/mundiales/1962_grupo_4.php,2026-03-16T23:09:42.773420
1962,4,3,Argentina,3,1,1,1,2,3,-1,3,No,https://www.losmundialesdefutbol.com/mundiales/1962_grupo_4.php,2026-03-16T23:09:42.773420
1962,4,4,Bulgaria,3,0,1,2,1,7,-6,1,No,https://www.losmundialesdefutbol.com/mundiales/1962_grupo_4.php,2026-03-16T23:09:42.773420
1966,1,1,Inglaterra,3,2,1,0,4,0,4,5,Si,https://www.losmundialesdefutbol.com/mundiales/1966_grupo_1.php,2026-03-16T23:10:26.501544
1966,1,2,Uruguay,3,1,2,0,2,1,1,4,Si,https://www.losmundialesdefutbol.com/mundiales/1966_grupo_1.php,2026-03-16T23:10:26.501544
1966,1,3,México,3,0,2,1,1,3,-2,2,No,https://www.losmundialesdefutbol.com/mundiales/1966_grupo_1.php,2026-03-16T23:10:26.501544
1966,1,4,Francia,3,0,1,2,2,5,-3,1,No,https://www.losmundialesdefutbol.com/mundiales/1966_grupo_1.php,2026-03-16T23:10:26.501544
1966,2,1,Alemania Occidental,3,2,1,0,7,1,6,5,Si,https://www.losmundialesdefutbol.com/mundiales/1966_grupo_2.php,2026-03-16T23:10:28.536408
1966,2,2,Argentina,3,2,1,0,4,1,3,5,Si,https://www.losmundialesdefutbol.com/mundiales/1966_grupo_2.php,2026-03-16T23:10:28.536408
1966,2,3,España,3,1,0,2,4,5,-1,2,No,https://www.losmundialesdefutbol.com/mundiales/1966_grupo_2.php,2026-03-16T23:10:28.536408
1966,2,4,Suiza,3,0,0,3,1,9,-8,0,No,https://www.losmundialesdefutbol.com/mundiales/1966_grupo_2.php,2026-03-16T23:10:28.536408
1966,3,1,Portugal,3,3,0,0,9,2,7,6,Si,https://www.losmundialesdefutbol.com/mundiales/1966_grupo_3.php,2026-03-16T23:10:30.280887
1966,3,2,Hungría,3,2,0,1,7,5,2,4,Si,https://www.losmundialesdefutbol.com/mundiales/1966_grupo_3.php,2026-03-16T23:10:30.280887
1966,3,3,Brasil,3,1,0,2,4,6,-2,2,No,https://www.losmundialesdefutbol.com/mundiales/1966_grupo_3.php,2026-03-16T23:10:30.280887
1966,3,4,Bulgaria,3,0,0,3,1,8,-7,0,No,https://www.losmundialesdefutbol.com/mundiales/1966_grupo_3.php,2026-03-16T23:10:30.280887
1966,4,1,URSS,3,3,0,0,6,1,5,6,Si,https://www.losmundialesdefutbol.com/mundiales/1966_grupo_4.php,2026-03-16T23:10:32.540222
1966,4,2,Corea del Norte,3,1,1,1,2,4,-2,3,Si,https://www.losmundialesdefutbol.com/mundiales/1966_grupo_4.php,2026-03-16T23:10:32.540222
1966,4,3,Italia,3,1,0,2,2,2,0,2,No,https://www.losmundialesdefutbol.com/mundiales/1966_grupo_4.php,2026-03-16T23:10:32.540222
1966,4,4,Chile,3,0,1,2,2,5,-3,1,No,https://www.losmundialesdefutbol.com/mundiales/1966_grupo_4.php,2026-03-16T23:10:32.540222
1970,1,1,URSS,3,2,1,0,6,1,5,5,Si,https://www.losmundialesdefutbol.com/mundiales/1970_grupo_1.php,2026-03-16T23:11:17.655766
1970,1,2,México,3,2,1,0,5,0,5,5,Si,https://www.losmundialesdefutbol.com/mundiales/1970_grupo_1.php,2026-03-16T23:11:17.655766
1970,1,3,Bélgica,3,1,0,2,4,5,-1,2,No,https://www.losmundialesdefutbol.com/mundiales/1970_grupo_1.php,2026-03-16T23:11:17.655766
1970,1,4,El Salvador,3,0,0,3,0,9,-9,0,No,https://www.losmundialesdefutbol.com/mundiales/1970_grupo_1.php,2026-03-16T23:11:17.655766
1970,2,1,Italia,3,1,2,0,1,0,1,4,Si,https://www.losmundialesdefutbol.com/mundiales/1970_grupo_2.php,2026-03-16T23:11:18.720086
1970,2,2,Uruguay,3,1,1,1,2,1,1,3,Si,https://www.losmundialesdefutbol.com/mundiales/1970_grupo_2.php,2026-03-16T23:11:18.720086
1970,2,3,Suecia,3,1,1,1,2,2,0,3,No,https://www.losmundialesdefutbol.com/mundiales/1970_grupo_2.php,2026-03-16T23:11:18.720086
1970,2,4,Israel,3,0,2,1,1,3,-2,2,No,https://www.losmundialesdefutbol.com/mundiales/1970_grupo_2.php,2026-03-16T23:11:18.720086
1970,3,1,Brasil,3,3,0,0,8,3,5,6,Si,https://www.losmundialesdefutbol.com/mundiales/1970_grupo_3.php,2026-03-16T23:11:21.018034
1970,3,2,Inglaterra,3,2,0,1,2,1,1,4,Si,https://www.losmundialesdefutbol.com/mundiales/1970_grupo_3.php,2026-03-16T23:11:21.018034
1970,3,3,Rumania,3,1,0,2,4,5,-1,2,No,https://www.losmundialesdefutbol.com/mundiales/1970_grupo_3.php,2026-03-16T23:11:21.018034
1970,3,4,Checoslovaquia,3,0,0,3,2,7,-5,0,No,https://www.losmundialesdefutbol.com/mundiales/1970_grupo_3.php,2026-03-16T23:11:21.018034
1970,4,1,Alemania Occidental,3,3,0,0,10,4,6,6,Si,https://www.losmundialesdefutbol.com/mundiales/1970_grupo_4.php,2026-03-16T23:11:22.406156
1970,4,2,Perú,3,2,0,1,7,5,2,4,Si,https://www.losmundialesdefutbol.com/mundiales/1970_grupo_4.php,2026-03-16T23:11:22.406156
1970,4,3,Bulgaria,3,0,1,2,5,9,-4,1,No,https://www.losmundialesdefutbol.com/mundiales/1970_grupo_4.php,2026-03-16T23:11:22.406156
1970,4,4,Marruecos,3,0,1,2,2,6,-4,1,No,https://www.losmundialesdefutbol.com/mundiales/1970_grupo_4.php,2026-03-16T23:11:22.406156
1974,1,1,Alemania Oriental,3,2,1,0,4,1,3,5,Si,https://www.losmundialesdefutbol.com/mundiales/1974_grupo_1.php,2026-03-16T23:12:01.616082
1974,1,2,Alemania Occidental,3,2,0,1,4,1,3,4,Si,https://www.losmundialesdefutbol.com/mundiales/1974_grupo_1.php,2026-03-16T23:12:01.616082
1974,1,3,Chile,3,0,2,1,1,2,-1,2,No,https://www.losmundialesdefutbol.com/mundiales/1974_grupo_1.php,2026-03-16T23:12:01.616082
1974,1,4,Australia,3,0,1,2,0,5,-5,1,No,https://www.losmundialesdefutbol.com/mundiales/1974_grupo_1.php,2026-03-16T23:12:01.616082
1974,2,1,Yugoslavia,3,1,2,0,10,1,9,4,Si,https://www.losmundialesdefutbol.com/mundiales/1974_grupo_2.php,2026-03-16T23:12:03.484550
1974,2,2,Brasil,3,1,2,0,3,0,3,4,Si,https://www.losmundialesdefutbol.com/mundiales/1974_grupo_2.php,2026-03-16T23:12:03.484550
1974,2,3,Escocia,3,1,2,0,3,1,2,4,No,https://www.losmundialesdefutbol.com/mundiales/1974_grupo_2.php,2026-03-16T23:12:03.484550
1974,2,4,Zaire,3,0,0,3,0,14,-14,0,No,https://www.losmundialesdefutbol.com/mundiales/1974_grupo_2.php,2026-03-16T23:12:03.484550
1974,3,1,Paises Bajos,3,2,1,0,6,1,5,5,Si,https://www.losmundialesdefutbol.com/mundiales/1974_grupo_3.php,2026-03-16T23:12:05.613664
1974,3,2,Suecia,3,1,2,0,3,0,3,4,Si,https://www.losmundialesdefutbol.com/mundiales/1974_grupo_3.php,2026-03-16T23:12:05.613664
1974,3,3,Bulgaria,3,0,2,1,2,5,-3,2,No,https://www.losmundialesdefutbol.com/mundiales/1974_grupo_3.php,2026-03-16T23:12:05.613664
1974,3,4,Uruguay,3,0,1,2,1,6,-5,1,No,https://www.losmundialesdefutbol.com/mundiales/1974_grupo_3.php,2026-03-16T23:12:05.613664
1974,4,1,Polonia,3,3,0,0,12,3,9,6,Si,https://www.losmundialesdefutbol.com/mundiales/1974_grupo_4.php,2026-03-16T23:12:07.257813
1974,4,2,Argentina,3,1,1,1,7,5,2,3,Si,https://www.losmundialesdefutbol.com/mundiales/1974_grupo_4.php,2026-03-16T23:12:07.257813
1974,4,3,Italia,3,1,1,1,5,4,1,3,No,https://www.losmundialesdefutbol.com/mundiales/1974_grupo_4.php,2026-03-16T23:12:07.257813
1974,4,4,Haití,3,0,0,3,2,14,-12,0,No,https://www.losmundialesdefutbol.com/mundiales/1974_grupo_4.php,2026-03-16T23:12:07.257813
1974,A,1,Paises Bajos,3,3,0,0,8,0,8,6,Si,https://www.losmundialesdefutbol.com/mundiales/1974_grupo_a.php,2026-03-16T23:12:09.272084
1974,A,2,Brasil,3,2,0,1,3,3,0,4,Si,https://www.losmundialesdefutbol.com/mundiales/1974_grupo_a.php,2026-03-16T23:12:09.272084
1974,A,3,Alemania Oriental,3,0,1,2,1,4,-3,1,No,https://www.losmundialesdefutbol.com/mundiales/1974_grupo_a.php,2026-03-16T23:12:09.272084
1974,A,4,Argentina,3,0,1,2,2,7,-5,1,No,https://www.losmundialesdefutbol.com/mundiales/1974_grupo_a.php,2026-03-16T23:12:09.272084
1974,B,1,Alemania Occidental,3,3,0,0,7,2,5,6,Si,https://www.losmundialesdefutbol.com/mundiales/1974_grupo_b.php,2026-03-16T23:12:10.832379
1974,B,2,Polonia,3,2,0,1,3,2,1,4,Si,https://www.losmundialesdefutbol.com/mundiales/1974_grupo_b.php,2026-03-16T23:12:10.832379
1974,B,3,Suecia,3,1,0,2,4,6,-2,2,No,https://www.losmundialesdefutbol.com/mundiales/1974_grupo_b.php,2026-03-16T23:12:10.832379
1974,B,4,Yugoslavia,3,0,0,3,2,6,-4,0,No,https://www.losmundialesdefutbol.com/mundiales/1974_grupo_b.php,2026-03-16T23:12:10.832379
1978,1,1,Italia,3,3,0,0,6,2,4,6,Si,https://www.losmundialesdefutbol.com/mundiales/1978_grupo_1.php,2026-03-16T23:12:52.315771
1978,1,2,Argentina,3,2,0,1,4,3,1,4,Si,https://www.losmundialesdefutbol.com/mundiales/1978_grupo_1.php,2026-03-16T23:12:52.315771
1978,1,3,Francia,3,1,0,2,5,5,0,2,No,https://www.losmundialesdefutbol.com/mundiales/1978_grupo_1.php,2026-03-16T23:12:52.315771
1978,1,4,Hungría,3,0,0,3,3,8,-5,0,No,https://www.losmundialesdefutbol.com/mundiales/1978_grupo_1.php,2026-03-16T23:12:52.315771
1978,2,1,Polonia,3,2,1,0,4,1,3,5,Si,https://www.losmundialesdefutbol.com/mundiales/1978_grupo_2.php,2026-03-16T23:12:54.048576
1978,2,2,Alemania Occidental,3,1,2,0,6,0,6,4,Si,https://www.losmundialesdefutbol.com/mundiales/1978_grupo_2.php,2026-03-16T23:12:54.048576
1978,2,3,Túnez,3,1,1,1,3,2,1,3,No,https://www.losmundialesdefutbol.com/mundiales/1978_grupo_2.php,2026-03-16T23:12:54.048576
1978,2,4,México,3,0,0,3,2,12,-10,0,No,https://www.losmundialesdefutbol.com/mundiales/1978_grupo_2.php,2026-03-16T23:12:54.048576
1978,3,1,Austria,3,2,0,1,3,2,1,4,Si,https://www.losmundialesdefutbol.com/mundiales/1978_grupo_3.php,2026-03-16T23:12:56.201607
1978,3,2,Brasil,3,1,2,0,2,1,1,4,Si,https://www.losmundialesdefutbol.com/mundiales/1978_grupo_3.php,2026-03-16T23:12:56.201607
1978,3,3,España,3,1,1,1,2,2,0,3,No,https://www.losmundialesdefutbol.com/mundiales/1978_grupo_3.php,2026-03-16T23:12:56.201607
1978,3,4,Suecia,3,0,1,2,1,3,-2,1,No,https://www.losmundialesdefutbol.com/mundiales/1978_grupo_3.php,2026-03-16T23:12:56.201607
1978,4,1,Perú,3,2,1,0,7,2,5,5,Si,https://www.losmundialesdefutbol.com/mundiales/1978_grupo_4.php,2026-03-16T23:12:58.149134
1978,4,2,Paises Bajos,3,1,1,1,5,3,2,3,Si,https://www.losmundialesdefutbol.com/mundiales/1978_grupo_4.php,2026-03-16T23:12:58.149134
1978,4,3,Escocia,3,1,1,1,5,6,-1,3,No,https://www.losmundialesdefutbol.com/mundiales/1978_grupo_4.php,2026-03-16T23:12:58.149134
1978,4,4,Irán,3,0,1,2,2,8,-6,1,No,https://www.losmundialesdefutbol.com/mundiales/1978_grupo_4.php,2026-03-16T23:12:58.149134
1978,A,1,Paises Bajos,3,2,1,0,9,4,5,5,Si,https://www.losmundialesdefutbol.com/mundiales/1978_grupo_a.php,2026-03-16T23:13:00.076207
1978,A,2,Italia,3,1,1,1,2,2,0,3,Si,https://www.losmundialesdefutbol.com/mundiales/1978_grupo_a.php,2026-03-16T23:13:00.076207
1978,A,3,Alemania Occidental,3,0,2,1,4,5,-1,2,No,https://www.losmundialesdefutbol.com/mundiales/1978_grupo_a.php,2026-03-16T23:13:00.076207
1978,A,4,Austria,3,1,0,2,4,8,-4,2,No,https://www.losmundialesdefutbol.com/mundiales/1978_grupo_a.php,2026-03-16T23:13:00.076207
1978,B,1,Argentina,3,2,1,0,8,0,8,5,Si,https://www.losmundialesdefutbol.com/mundiales/1978_grupo_b.php,2026-03-16T23:13:01.528024
1978,B,2,Brasil,3,2,1,0,6,1,5,5,Si,https://www.losmundialesdefutbol.com/mundiales/1978_grupo_b.php,2026-03-16T23:13:01.528024
1978,B,3,Polonia,3,1,0,2,2,5,-3,2,No,https://www.losmundialesdefutbol.com/mundiales/1978_grupo_b.php,2026-03-16T23:13:01.528024
1978,B,4,Perú,3,0,0,3,0,10,-10,0,No,https://www.losmundialesdefutbol.com/mundiales/1978_grupo_b.php,2026-03-16T23:13:01.528024
1982,A,1,Polonia,3,1,2,0,5,1,4,4,Si,https://www.losmundialesdefutbol.com/mundiales/1982_grupo_a.php,2026-03-16T23:13:39.727863
1982,A,2,Italia,3,0,3,0,2,2,0,3,Si,https://www.losmundialesdefutbol.com/mundiales/1982_grupo_a.php,2026-03-16T23:13:39.727863
1982,A,3,Camerún,3,0,3,0,1,1,0,3,No,https://www.losmundialesdefutbol.com/mundiales/1982_grupo_a.php,2026-03-16T23:13:39.727863
1982,A,4,Perú,3,0,2,1,2,6,-4,2,No,https://www.losmundialesdefutbol.com/mundiales/1982_grupo_a.php,2026-03-16T23:13:39.727863
1982,B,1,Alemania Occidental,3,2,0,1,6,3,3,4,Si,https://www.losmundialesdefutbol.com/mundiales/1982_grupo_b.php,2026-03-16T23:13:41.987241
1982,B,2,Austria,3,2,0,1,3,1,2,4,Si,https://www.losmundialesdefutbol.com/mundiales/1982_grupo_b.php,2026-03-16T23:13:41.987241
1982,B,3,Argelia,3,2,0,1,5,5,0,4,No,https://www.losmundialesdefutbol.com/mundiales/1982_grupo_b.php,2026-03-16T23:13:41.987241
1982,B,4,Chile,3,0,0,3,3,8,-5,0,No,https://www.losmundialesdefutbol.com/mundiales/1982_grupo_b.php,2026-03-16T23:13:41.987241
1982,C,1,Bélgica,3,2,1,0,3,1,2,5,Si,https://www.losmundialesdefutbol.com/mundiales/1982_grupo_c.php,2026-03-16T23:13:43.511946
1982,C,2,Argentina,3,2,0,1,6,2,4,4,Si,https://www.losmundialesdefutbol.com/mundiales/1982_grupo_c.php,2026-03-16T23:13:43.511946
1982,C,3,Hungría,3,1,1,1,12,6,6,3,No,https://www.losmundialesdefutbol.com/mundiales/1982_grupo_c.php,2026-03-16T23:13:43.511946
1982,C,4,El Salvador,3,0,0,3,1,13,-12,0,No,https://www.losmundialesdefutbol.com/mundiales/1982_grupo_c.php,2026-03-16T23:13:43.511946
1982,D,1,Inglaterra,3,3,0,0,6,1,5,6,Si,https://www.losmundialesdefutbol.com/mundiales/1982_grupo_d.php,2026-03-16T23:13:45.561255
1982,D,2,Francia,3,1,1,1,6,5,1,3,Si,https://www.losmundialesdefutbol.com/mundiales/1982_grupo_d.php,2026-03-16T23:13:45.561255
1982,D,3,Checoslovaquia,3,0,2,1,2,4,-2,2,No,https://www.losmundialesdefutbol.com/mundiales/1982_grupo_d.php,2026-03-16T23:13:45.561255
1982,D,4,Kuwait,3,0,1,2,2,6,-4,1,No,https://www.losmundialesdefutbol.com/mundiales/1982_grupo_d.php,2026-03-16T23:13:45.561255
1982,E,1,Irlanda del Norte,3,1,2,0,2,1,1,4,Si,https://www.losmundialesdefutbol.com/mundiales/1982_grupo_e.php,2026-03-16T23:13:47.413851
1982,E,2,España,3,1,1,1,3,3,0,3,Si,https://www.losmundialesdefutbol.com/mundiales/1982_grupo_e.php,2026-03-16T23:13:47.413851
1982,E,3,Yugoslavia,3,1,1,1,2,2,0,3,No,https://www.losmundialesdefutbol.com/mundiales/1982_grupo_e.php,2026-03-16T23:13:47.413851
1982,E,4,Honduras,3,0,2,1,2,3,-1,2,No,https://www.losmundialesdefutbol.com/mundiales/1982_grupo_e.php,2026-03-16T23:13:47.413851
1982,F,1,Brasil,3,3,0,0,10,2,8,6,Si,https://www.losmundialesdefutbol.com/mundiales/1982_grupo_f.php,2026-03-16T23:13:49.687636
1982,F,2,URSS,3,1,1,1,6,4,2,3,Si,https://www.losmundialesdefutbol.com/mundiales/1982_grupo_f.php,2026-03-16T23:13:49.687636
1982,F,3,Escocia,3,1,1,1,8,8,0,3,No,https://www.losmundialesdefutbol.com/mundiales/1982_grupo_f.php,2026-03-16T23:13:49.687636
1982,F,4,Nueva Zelanda,3,0,0,3,2,12,-10,0,No,https://www.losmundialesdefutbol.com/mundiales/1982_grupo_f.php,2026-03-16T23:13:49.687636
1982,1,1,Polonia,2,1,1,0,3,0,3,3,Si,https://www.losmundialesdefutbol.com/mundiales/1982_grupo_1.php,2026-03-16T23:13:51.794605
1982,1,2,URSS,2,1,1,0,1,0,1,3,No,https://www.losmundialesdefutbol.com/mundiales/1982_grupo_1.php,2026-03-16T23:13:51.794605
1982,1,3,Bélgica,2,0,0,2,0,4,-4,0,No,https://www.losmundialesdefutbol.com/mundiales/1982_grupo_1.php,2026-03-16T23:13:51.794605
1982,2,1,Alemania Occidental,2,1,1,0,2,1,1,3,Si,https://www.losmundialesdefutbol.com/mundiales/1982_grupo_2.php,2026-03-16T23:13:53.844945
1982,2,2,Inglaterra,2,0,2,0,0,0,0,2,No,https://www.losmundialesdefutbol.com/mundiales/1982_grupo_2.php,2026-03-16T23:13:53.844945
1982,2,3,España,2,0,1,1,1,2,-1,1,No,https://www.losmundialesdefutbol.com/mundiales/1982_grupo_2.php,2026-03-16T23:13:53.844945
1982,3,1,Italia,2,2,0,0,5,3,2,4,Si,https://www.losmundialesdefutbol.com/mundiales/1982_grupo_3.php,2026-03-16T23:13:55.631690
1982,3,2,Brasil,2,1,0,1,5,4,1,2,No,https://www.losmundialesdefutbol.com/mundiales/1982_grupo_3.php,2026-03-16T23:13:55.631690
1982,3,3,Argentina,2,0,0,2,2,5,-3,0,No,https://www.losmundialesdefutbol.com/mundiales/1982_grupo_3.php,2026-03-16T23:13:55.631690
1982,4,1,Francia,2,2,0,0,5,1,4,4,Si,https://www.losmundialesdefutbol.com/mundiales/1982_grupo_4.php,2026-03-16T23:13:57.021582
1982,4,2,Austria,2,0,1,1,2,3,-1,1,No,https://www.losmundialesdefutbol.com/mundiales/1982_grupo_4.php,2026-03-16T23:13:57.021582
1982,4,3,Irlanda del Norte,2,0,1,1,3,6,-3,1,No,https://www.losmundialesdefutbol.com/mundiales/1982_grupo_4.php,2026-03-16T23:13:57.021582
1986,A,1,Argentina,3,2,1,0,6,2,4,5,Si,https://www.losmundialesdefutbol.com/mundiales/1986_grupo_a.php,2026-03-16T23:15:06.452699
1986,A,2,Italia,3,1,2,0,5,4,1,4,Si,https://www.losmundialesdefutbol.com/mundiales/1986_grupo_a.php,2026-03-16T23:15:06.452699
1986,A,3,Bulgaria,3,0,2,1,2,4,-2,2,Si,https://www.losmundialesdefutbol.com/mundiales/1986_grupo_a.php,2026-03-16T23:15:06.452699
1986,A,4,Corea del Sur,3,0,1,2,4,7,-3,1,No,https://www.losmundialesdefutbol.com/mundiales/1986_grupo_a.php,2026-03-16T23:15:06.452699
1986,B,1,México,3,2,1,0,4,2,2,5,Si,https://www.losmundialesdefutbol.com/mundiales/1986_grupo_b.php,2026-03-16T23:15:10.453976
1986,B,2,Paraguay,3,1,2,0,4,3,1,4,Si,https://www.losmundialesdefutbol.com/mundiales/1986_grupo_b.php,2026-03-16T23:15:10.453976
1986,B,3,Bélgica,3,1,1,1,5,5,0,3,Si,https://www.losmundialesdefutbol.com/mundiales/1986_grupo_b.php,2026-03-16T23:15:10.453976
1986,B,4,Iraq,3,0,0,3,1,4,-3,0,No,https://www.losmundialesdefutbol.com/mundiales/1986_grupo_b.php,2026-03-16T23:15:10.453976
1986,C,1,URSS,3,2,1,0,9,1,8,5,Si,https://www.losmundialesdefutbol.com/mundiales/1986_grupo_c.php,2026-03-16T23:15:13.617974
1986,C,2,Francia,3,2,1,0,5,1,4,5,Si,https://www.losmundialesdefutbol.com/mundiales/1986_grupo_c.php,2026-03-16T23:15:13.617974
1986,C,3,Hungría,3,1,0,2,2,9,-7,2,No,https://www.losmundialesdefutbol.com/mundiales/1986_grupo_c.php,2026-03-16T23:15:13.617974
1986,C,4,Canadá,3,0,0,3,0,5,-5,0,No,https://www.losmundialesdefutbol.com/mundiales/1986_grupo_c.php,2026-03-16T23:15:13.617974
1986,D,1,Brasil,3,3,0,0,5,0,5,6,Si,https://www.losmundialesdefutbol.com/mundiales/1986_grupo_d.php,2026-03-16T23:15:21.498781
1986,D,2,España,3,2,0,1,5,2,3,4,Si,https://www.losmundialesdefutbol.com/mundiales/1986_grupo_d.php,2026-03-16T23:15:21.498781
1986,D,3,Irlanda del Norte,3,0,1,2,2,6,-4,1,No,https://www.losmundialesdefutbol.com/mundiales/1986_grupo_d.php,2026-03-16T23:15:21.498781
1986,D,4,Argelia,3,0,1,2,1,5,-4,1,No,https://www.losmundialesdefutbol.com/mundiales/1986_grupo_d.php,2026-03-16T23:15:21.498781
1986,E,1,Dinamarca,3,3,0,0,9,1,8,6,Si,https://www.losmundialesdefutbol.com/mundiales/1986_grupo_e.php,2026-03-16T23:15:23.054969
1986,E,2,Alemania Occidental,3,1,1,1,3,4,-1,3,Si,https://www.losmundialesdefutbol.com/mundiales/1986_grupo_e.php,2026-03-16T23:15:23.054969
1986,E,3,Uruguay,3,0,2,1,2,7,-5,2,Si,https://www.losmundialesdefutbol.com/mundiales/1986_grupo_e.php,2026-03-16T23:15:23.054969
1986,E,4,Escocia,3,0,1,2,1,3,-2,1,No,https://www.losmundialesdefutbol.com/mundiales/1986_grupo_e.php,2026-03-16T23:15:23.054969
1986,F,1,Marruecos,3,1,2,0,3,1,2,4,Si,https://www.losmundialesdefutbol.com/mundiales/1986_grupo_f.php,2026-03-16T23:15:24.204055
1986,F,2,Inglaterra,3,1,1,1,3,1,2,3,Si,https://www.losmundialesdefutbol.com/mundiales/1986_grupo_f.php,2026-03-16T23:15:24.204055
1986,F,3,Polonia,3,1,1,1,1,3,-2,3,Si,https://www.losmundialesdefutbol.com/mundiales/1986_grupo_f.php,2026-03-16T23:15:24.204055
1986,F,4,Portugal,3,1,0,2,2,4,-2,2,No,https://www.losmundialesdefutbol.com/mundiales/1986_grupo_f.php,2026-03-16T23:15:24.204055
1990,A,1,Italia,3,3,0,0,4,0,4,6,Si,https://www.losmundialesdefutbol.com/mundiales/1990_grupo_a.php,2026-03-16T23:16:18.515737
1990,A,2,Checoslovaquia,3,2,0,1,6,3,3,4,Si,https://www.losmundialesdefutbol.com/mundiales/1990_grupo_a.php,2026-03-16T23:16:18.515737
1990,A,3,Austria,3,1,0,2,2,3,-1,2,No,https://www.losmundialesdefutbol.com/mundiales/1990_grupo_a.php,2026-03-16T23:16:18.515737
1990,A,4,Estados Unidos,3,0,0,3,2,8,-6,0,No,https://www.losmundialesdefutbol.com/mundiales/1990_grupo_a.php,2026-03-16T23:16:18.515737
1990,B,1,Camerún,3,2,0,1,3,5,-2,4,Si,https://www.losmundialesdefutbol.com/mundiales/1990_grupo_b.php,2026-03-16T23:16:20.595946
1990,B,2,Rumania,3,1,1,1,4,3,1,3,Si,https://www.losmundialesdefutbol.com/mundiales/1990_grupo_b.php,2026-03-16T23:16:20.595946
1990,B,3,Argentina,3,1,1,1,3,2,1,3,Si,https://www.losmundialesdefutbol.com/mundiales/1990_grupo_b.php,2026-03-16T23:16:20.595946
1990,B,4,URSS,3,1,0,2,4,4,0,2,No,https://www.losmundialesdefutbol.com/mundiales/1990_grupo_b.php,2026-03-16T23:16:20.595946
1990,C,1,Brasil,3,3,0,0,4,1,3,6,Si,https://www.losmundialesdefutbol.com/mundiales/1990_grupo_c.php,2026-03-16T23:16:22.540341
1990,C,2,Costa Rica,3,2,0,1,3,2,1,4,Si,https://www.losmundialesdefutbol.com/mundiales/1990_grupo_c.php,2026-03-16T23:16:22.540341
1990,C,3,Escocia,3,1,0,2,2,3,-1,2,No,https://www.losmundialesdefutbol.com/mundiales/1990_grupo_c.php,2026-03-16T23:16:22.540341
1990,C,4,Suecia,3,0,0,3,3,6,-3,0,No,https://www.losmundialesdefutbol.com/mundiales/1990_grupo_c.php,2026-03-16T23:16:22.540341
1990,D,1,Alemania Occidental,3,2,1,0,10,3,7,5,Si,https://www.losmundialesdefutbol.com/mundiales/1990_grupo_d.php,2026-03-16T23:16:24.081189
1990,D,2,Yugoslavia,3,2,0,1,6,5,1,4,Si,https://www.losmundialesdefutbol.com/mundiales/1990_grupo_d.php,2026-03-16T23:16:24.081189
1990,D,3,Colombia,3,1,1,1,3,2,1,3,Si,https://www.losmundialesdefutbol.com/mundiales/1990_grupo_d.php,2026-03-16T23:16:24.081189
1990,D,4,Emiratos Arabes,3,0,0,3,2,11,-9,0,No,https://www.losmundialesdefutbol.com/mundiales/1990_grupo_d.php,2026-03-16T23:16:24.081189
1990,E,1,España,3,2,1,0,5,2,3,5,Si,https://www.losmundialesdefutbol.com/mundiales/1990_grupo_e.php,2026-03-16T23:16:26.084229
1990,E,2,Bélgica,3,2,0,1,6,3,3,4,Si,https://www.losmundialesdefutbol.com/mundiales/1990_grupo_e.php,2026-03-16T23:16:26.084229
1990,E,3,Uruguay,3,1,1,1,2,3,-1,3,Si,https://www.losmundialesdefutbol.com/mundiales/1990_grupo_e.php,2026-03-16T23:16:26.084229
1990,E,4,Corea del Sur,3,0,0,3,1,6,-5,0,No,https://www.losmundialesdefutbol.com/mundiales/1990_grupo_e.php,2026-03-16T23:16:26.084229
1990,F,1,Inglaterra,3,1,2,0,2,1,1,4,Si,https://www.losmundialesdefutbol.com/mundiales/1990_grupo_f.php,2026-03-16T23:16:28.115288
1990,F,2,Irlanda,3,0,3,0,2,2,0,3,Si,https://www.losmundialesdefutbol.com/mundiales/1990_grupo_f.php,2026-03-16T23:16:28.115288
1990,F,3,Paises Bajos,3,0,3,0,2,2,0,3,Si,https://www.losmundialesdefutbol.com/mundiales/1990_grupo_f.php,2026-03-16T23:16:28.115288
1990,F,4,Egipto,3,0,2,1,1,2,-1,2,No,https://www.losmundialesdefutbol.com/mundiales/1990_grupo_f.php,2026-03-16T23:16:28.115288
1994,A,1,Rumania,3,2,0,1,5,5,0,6,Si,https://www.losmundialesdefutbol.com/mundiales/1994_grupo_a.php,2026-03-16T23:17:24.086213
1994,A,2,Suiza,3,1,1,1,5,4,1,4,Si,https://www.losmundialesdefutbol.com/mundiales/1994_grupo_a.php,2026-03-16T23:17:24.086213
1994,A,3,Estados Unidos,3,1,1,1,3,3,0,4,Si,https://www.losmundialesdefutbol.com/mundiales/1994_grupo_a.php,2026-03-16T23:17:24.086213
1994,A,4,Colombia,3,1,0,2,4,5,-1,3,No,https://www.losmundialesdefutbol.com/mundiales/1994_grupo_a.php,2026-03-16T23:17:24.086213
1994,B,1,Brasil,3,2,1,0,6,1,5,7,Si,https://www.losmundialesdefutbol.com/mundiales/1994_grupo_b.php,2026-03-16T23:17:25.931694
1994,B,2,Suecia,3,1,2,0,6,4,2,5,Si,https://www.losmundialesdefutbol.com/mundiales/1994_grupo_b.php,2026-03-16T23:17:25.931694
1994,B,3,Rusia,3,1,0,2,7,6,1,3,No,https://www.losmundialesdefutbol.com/mundiales/1994_grupo_b.php,2026-03-16T23:17:25.931694
1994,B,4,Camerún,3,0,1,2,3,11,-8,1,No,https://www.losmundialesdefutbol.com/mundiales/1994_grupo_b.php,2026-03-16T23:17:25.931694
1994,C,1,Alemania,3,2,1,0,5,3,2,7,Si,https://www.losmundialesdefutbol.com/mundiales/1994_grupo_c.php,2026-03-16T23:17:27.294343
1994,C,2,España,3,1,2,0,6,4,2,5,Si,https://www.losmundialesdefutbol.com/mundiales/1994_grupo_c.php,2026-03-16T23:17:27.294343
1994,C,3,Corea del Sur,3,0,2,1,4,5,-1,2,No,https://www.losmundialesdefutbol.com/mundiales/1994_grupo_c.php,2026-03-16T23:17:27.294343
1994,C,4,Bolivia,3,0,1,2,1,4,-3,1,No,https://www.losmundialesdefutbol.com/mundiales/1994_grupo_c.php,2026-03-16T23:17:27.294343
1994,D,1,Nigeria,3,2,0,1,6,2,4,6,Si,https://www.losmundialesdefutbol.com/mundiales/1994_grupo_d.php,2026-03-16T23:17:28.735410
1994,D,2,Bulgaria,3,2,0,1,6,3,3,6,Si,https://www.losmundialesdefutbol.com/mundiales/1994_grupo_d.php,2026-03-16T23:17:28.735410
1994,D,3,Argentina,3,2,0,1,6,3,3,6,Si,https://www.losmundialesdefutbol.com/mundiales/1994_grupo_d.php,2026-03-16T23:17:28.735410
1994,D,4,Grecia,3,0,0,3,0,10,-10,0,No,https://www.losmundialesdefutbol.com/mundiales/1994_grupo_d.php,2026-03-16T23:17:28.735410
1994,E,1,México,3,1,1,1,3,3,0,4,Si,https://www.losmundialesdefutbol.com/mundiales/1994_grupo_e.php,2026-03-16T23:17:31.316658
1994,E,2,Irlanda,3,1,1,1,2,2,0,4,Si,https://www.losmundialesdefutbol.com/mundiales/1994_grupo_e.php,2026-03-16T23:17:31.316658
1994,E,3,Italia,3,1,1,1,2,2,0,4,Si,https://www.losmundialesdefutbol.com/mundiales/1994_grupo_e.php,2026-03-16T23:17:31.316658
1994,E,4,Noruega,3,1,1,1,1,1,0,4,No,https://www.losmundialesdefutbol.com/mundiales/1994_grupo_e.php,2026-03-16T23:17:31.316658
1994,F,1,Paises Bajos,3,2,0,1,4,3,1,6,Si,https://www.losmundialesdefutbol.com/mundiales/1994_grupo_f.php,2026-03-16T23:17:32.355557
1994,F,2,Arabia Saudita,3,2,0,1,4,3,1,6,Si,https://www.losmundialesdefutbol.com/mundiales/1994_grupo_f.php,2026-03-16T23:17:32.355557
1994,F,3,Bélgica,3,2,0,1,2,1,1,6,Si,https://www.losmundialesdefutbol.com/mundiales/1994_grupo_f.php,2026-03-16T23:17:32.355557
1994,F,4,Marruecos,3,0,0,3,2,5,-3,0,No,https://www.losmundialesdefutbol.com/mundiales/1994_grupo_f.php,2026-03-16T23:17:32.355557
1998,A,1,Brasil,3,2,0,1,6,3,3,6,Si,https://www.losmundialesdefutbol.com/mundiales/1998_grupo_a.php,2026-03-16T23:18:34.435133
1998,A,2,Noruega,3,1,2,0,5,4,1,5,Si,https://www.losmundialesdefutbol.com/mundiales/1998_grupo_a.php,2026-03-16T23:18:34.435133
1998,A,3,Marruecos,3,1,1,1,5,5,0,4,No,https://www.losmundialesdefutbol.com/mundiales/1998_grupo_a.php,2026-03-16T23:18:34.435133
1998,A,4,Escocia,3,0,1,2,2,6,-4,1,No,https://www.losmundialesdefutbol.com/mundiales/1998_grupo_a.php,2026-03-16T23:18:34.435133
1998,B,1,Italia,3,2,1,0,7,3,4,7,Si,https://www.losmundialesdefutbol.com/mundiales/1998_grupo_b.php,2026-03-16T23:18:36.544974
1998,B,2,Chile,3,0,3,0,4,4,0,3,Si,https://www.losmundialesdefutbol.com/mundiales/1998_grupo_b.php,2026-03-16T23:18:36.544974
1998,B,3,Austria,3,0,2,1,3,4,-1,2,No,https://www.losmundialesdefutbol.com/mundiales/1998_grupo_b.php,2026-03-16T23:18:36.544974
1998,B,4,Camerún,3,0,2,1,2,5,-3,2,No,https://www.losmundialesdefutbol.com/mundiales/1998_grupo_b.php,2026-03-16T23:18:36.544974
1998,C,1,Francia,3,3,0,0,9,1,8,9,Si,https://www.losmundialesdefutbol.com/mundiales/1998_grupo_c.php,2026-03-16T23:18:37.508832
1998,C,2,Dinamarca,3,1,1,1,3,3,0,4,Si,https://www.losmundialesdefutbol.com/mundiales/1998_grupo_c.php,2026-03-16T23:18:37.508832
1998,C,3,Sudáfrica,3,0,2,1,3,6,-3,2,No,https://www.losmundialesdefutbol.com/mundiales/1998_grupo_c.php,2026-03-16T23:18:37.508832
1998,C,4,Arabia Saudita,3,0,1,2,2,7,-5,1,No,https://www.losmundialesdefutbol.com/mundiales/1998_grupo_c.php,2026-03-16T23:18:37.508832
1998,D,1,Nigeria,3,2,0,1,5,5,0,6,Si,https://www.losmundialesdefutbol.com/mundiales/1998_grupo_d.php,2026-03-16T23:18:39.652269
1998,D,2,Paraguay,3,1,2,0,3,1,2,5,Si,https://www.losmundialesdefutbol.com/mundiales/1998_grupo_d.php,2026-03-16T23:18:39.652269
1998,D,3,España,3,1,1,1,8,4,4,4,No,https://www.losmundialesdefutbol.com/mundiales/1998_grupo_d.php,2026-03-16T23:18:39.652269
1998,D,4,Bulgaria,3,0,1,2,1,7,-6,1,No,https://www.losmundialesdefutbol.com/mundiales/1998_grupo_d.php,2026-03-16T23:18:39.652269
1998,E,1,Paises Bajos,3,1,2,0,7,2,5,5,Si,https://www.losmundialesdefutbol.com/mundiales/1998_grupo_e.php,2026-03-16T23:18:41.807200
1998,E,2,México,3,1,2,0,7,5,2,5,Si,https://www.losmundialesdefutbol.com/mundiales/1998_grupo_e.php,2026-03-16T23:18:41.807200
1998,E,3,Bélgica,3,0,3,0,3,3,0,3,No,https://www.losmundialesdefutbol.com/mundiales/1998_grupo_e.php,2026-03-16T23:18:41.807200
1998,E,4,Corea del Sur,3,0,1,2,2,9,-7,1,No,https://www.losmundialesdefutbol.com/mundiales/1998_grupo_e.php,2026-03-16T23:18:41.807200
1998,F,1,Alemania,3,2,1,0,6,2,4,7,Si,https://www.losmundialesdefutbol.com/mundiales/1998_grupo_f.php,2026-03-16T23:18:43.957170
1998,F,2,RF de Yugoslavia,3,2,1,0,4,2,2,7,Si,https://www.losmundialesdefutbol.com/mundiales/1998_grupo_f.php,2026-03-16T23:18:43.957170
1998,F,3,Irán,3,1,0,2,2,4,-2,3,No,https://www.losmundialesdefutbol.com/mundiales/1998_grupo_f.php,2026-03-16T23:18:43.957170
1998,F,4,Estados Unidos,3,0,0,3,1,5,-4,0,No,https://www.losmundialesdefutbol.com/mundiales/1998_grupo_f.php,2026-03-16T23:18:43.957170
1998,G,1,Rumania,3,2,1,0,4,2,2,7,Si,https://www.losmundialesdefutbol.com/mundiales/1998_grupo_g.php,2026-03-16T23:18:45.705458
1998,G,2,Inglaterra,3,2,0,1,5,2,3,6,Si,https://www.losmundialesdefutbol.com/mundiales/1998_grupo_g.php,2026-03-16T23:18:45.705458
1998,G,3,Colombia,3,1,0,2,1,3,-2,3,No,https://www.losmundialesdefutbol.com/mundiales/1998_grupo_g.php,2026-03-16T23:18:45.705458
1998,G,4,Túnez,3,0,1,2,1,4,-3,1,No,https://www.losmundialesdefutbol.com/mundiales/1998_grupo_g.php,2026-03-16T23:18:45.705458
1998,H,1,Argentina,3,3,0,0,7,0,7,9,Si,https://www.losmundialesdefutbol.com/mundiales/1998_grupo_h.php,2026-03-16T23:18:47.367506
1998,H,2,Croacia,3,2,0,1,4,2,2,6,Si,https://www.losmundialesdefutbol.com/mundiales/1998_grupo_h.php,2026-03-16T23:18:47.367506
1998,H,3,Jamaica,3,1,0,2,3,9,-6,3,No,https://www.losmundialesdefutbol.com/mundiales/1998_grupo_h.php,2026-03-16T23:18:47.367506
1998,H,4,Japón,3,0,0,3,1,4,-3,0,No,https://www.losmundialesdefutbol.com/mundiales/1998_grupo_h.php,2026-03-16T23:18:47.367506
2002,A,1,Dinamarca,3,2,1,0,5,2,3,7,Si,https://www.losmundialesdefutbol.com/mundiales/2002_grupo_a.php,2026-03-16T23:19:56.223604
2002,A,2,Senegal,3,1,2,0,5,4,1,5,Si,https://www.losmundialesdefutbol.com/mundiales/2002_grupo_a.php,2026-03-16T23:19:56.223604
2002,A,3,Uruguay,3,0,2,1,4,5,-1,2,No,https://www.losmundialesdefutbol.com/mundiales/2002_grupo_a.php,2026-03-16T23:19:56.223604
2002,A,4,Francia,3,0,1,2,0,3,-3,1,No,https://www.losmundialesdefutbol.com/mundiales/2002_grupo_a.php,2026-03-16T23:19:56.223604
2002,B,1,España,3,3,0,0,9,4,5,9,Si,https://www.losmundialesdefutbol.com/mundiales/2002_grupo_b.php,2026-03-16T23:19:57.992535
2002,B,2,Paraguay,3,1,1,1,6,6,0,4,Si,https://www.losmundialesdefutbol.com/mundiales/2002_grupo_b.php,2026-03-16T23:19:57.992535
2002,B,3,Sudáfrica,3,1,1,1,5,5,0,4,No,https://www.losmundialesdefutbol.com/mundiales/2002_grupo_b.php,2026-03-16T23:19:57.992535
2002,B,4,Eslovenia,3,0,0,3,2,7,-5,0,No,https://www.losmundialesdefutbol.com/mundiales/2002_grupo_b.php,2026-03-16T23:19:57.992535
2002,C,1,Brasil,3,3,0,0,11,3,8,9,Si,https://www.losmundialesdefutbol.com/mundiales/2002_grupo_c.php,2026-03-16T23:20:00.040344
2002,C,2,Turquía,3,1,1,1,5,3,2,4,Si,https://www.losmundialesdefutbol.com/mundiales/2002_grupo_c.php,2026-03-16T23:20:00.040344
2002,C,3,Costa Rica,3,1,1,1,5,6,-1,4,No,https://www.losmundialesdefutbol.com/mundiales/2002_grupo_c.php,2026-03-16T23:20:00.040344
2002,C,4,China,3,0,0,3,0,9,-9,0,No,https://www.losmundialesdefutbol.com/mundiales/2002_grupo_c.php,2026-03-16T23:20:00.040344
2002,D,1,Corea del Sur,3,2,1,0,4,1,3,7,Si,https://www.losmundialesdefutbol.com/mundiales/2002_grupo_d.php,2026-03-16T23:20:01.578148
2002,D,2,Estados Unidos,3,1,1,1,5,6,-1,4,Si,https://www.losmundialesdefutbol.com/mundiales/2002_grupo_d.php,2026-03-16T23:20:01.578148
2002,D,3,Portugal,3,1,0,2,6,4,2,3,No,https://www.losmundialesdefutbol.com/mundiales/2002_grupo_d.php,2026-03-16T23:20:01.578148
2002,D,4,Polonia,3,1,0,2,3,7,-4,3,No,https://www.losmundialesdefutbol.com/mundiales/2002_grupo_d.php,2026-03-16T23:20:01.578148
2002,E,1,Alemania,3,2,1,0,11,1,10,7,Si,https://www.losmundialesdefutbol.com/mundiales/2002_grupo_e.php,2026-03-16T23:20:03.784339
2002,E,2,Irlanda,3,1,2,0,5,2,3,5,Si,https://www.losmundialesdefutbol.com/mundiales/2002_grupo_e.php,2026-03-16T23:20:03.784339
2002,E,3,Camerún,3,1,1,1,2,3,-1,4,No,https://www.losmundialesdefutbol.com/mundiales/2002_grupo_e.php,2026-03-16T23:20:03.784339
2002,E,4,Arabia Saudita,3,0,0,3,0,12,-12,0,No,https://www.losmundialesdefutbol.com/mundiales/2002_grupo_e.php,2026-03-16T23:20:03.784339
2002,F,1,Suecia,3,1,2,0,4,3,1,5,Si,https://www.losmundialesdefutbol.com/mundiales/2002_grupo_f.php,2026-03-16T23:20:06.073777
2002,F,2,Inglaterra,3,1,2,0,2,1,1,5,Si,https://www.losmundialesdefutbol.com/mundiales/2002_grupo_f.php,2026-03-16T23:20:06.073777
2002,F,3,Argentina,3,1,1,1,2,2,0,4,No,https://www.losmundialesdefutbol.com/mundiales/2002_grupo_f.php,2026-03-16T23:20:06.073777
2002,F,4,Nigeria,3,0,1,2,1,3,-2,1,No,https://www.losmundialesdefutbol.com/mundiales/2002_grupo_f.php,2026-03-16T23:20:06.073777
2002,G,1,México,3,2,1,0,4,2,2,7,Si,https://www.losmundialesdefutbol.com/mundiales/2002_grupo_g.php,2026-03-16T23:20:08.027476
2002,G,2,Italia,3,1,1,1,4,3,1,4,Si,https://www.losmundialesdefutbol.com/mundiales/2002_grupo_g.php,2026-03-16T23:20:08.027476
2002,G,3,Croacia,3,1,0,2,2,3,-1,3,No,https://www.losmundialesdefutbol.com/mundiales/2002_grupo_g.php,2026-03-16T23:20:08.027476
2002,G,4,Ecuador,3,1,0,2,2,4,-2,3,No,https://www.losmundialesdefutbol.com/mundiales/2002_grupo_g.php,2026-03-16T23:20:08.027476
2002,H,1,Japón,3,2,1,0,5,2,3,7,Si,https://www.losmundialesdefutbol.com/mundiales/2002_grupo_h.php,2026-03-16T23:20:09.974954
2002,H,2,Bélgica,3,1,2,0,6,5,1,5,Si,https://www.losmundialesdefutbol.com/mundiales/2002_grupo_h.php,2026-03-16T23:20:09.974954
2002,H,3,Rusia,3,1,0,2,4,4,0,3,No,https://www.losmundialesdefutbol.com/mundiales/2002_grupo_h.php,2026-03-16T23:20:09.974954
2002,H,4,Túnez,3,0,1,2,1,5,-4,1,No,https://www.losmundialesdefutbol.com/mundiales/2002_grupo_h.php,2026-03-16T23:20:09.974954
2006,A,1,Alemania,3,3,0,0,8,2,6,9,Si,https://www.losmundialesdefutbol.com/mundiales/2006_grupo_a.php,2026-03-16T23:21:20.769192
2006,A,2,Ecuador,3,2,0,1,5,3,2,6,Si,https://www.losmundialesdefutbol.com/mundiales/2006_grupo_a.php,2026-03-16T23:21:20.769192
2006,A,3,Polonia,3,1,0,2,2,4,-2,3,No,https://www.losmundialesdefutbol.com/mundiales/2006_grupo_a.php,2026-03-16T23:21:20.769192
2006,A,4,Costa Rica,3,0,0,3,3,9,-6,0,No,https://www.losmundialesdefutbol.com/mundiales/2006_grupo_a.php,2026-03-16T23:21:20.769192
2006,B,1,Inglaterra,3,2,1,0,5,2,3,7,Si,https://www.losmundialesdefutbol.com/mundiales/2006_grupo_b.php,2026-03-16T23:21:22.467857
2006,B,2,Suecia,3,1,2,0,3,2,1,5,Si,https://www.losmundialesdefutbol.com/mundiales/2006_grupo_b.php,2026-03-16T23:21:22.467857
2006,B,3,Paraguay,3,1,0,2,2,2,0,3,No,https://www.losmundialesdefutbol.com/mundiales/2006_grupo_b.php,2026-03-16T23:21:22.467857
2006,B,4,Trinidad y Tobago,3,0,1,2,0,4,-4,1,No,https://www.losmundialesdefutbol.com/mundiales/2006_grupo_b.php,2026-03-16T23:21:22.467857
2006,C,1,Argentina,3,2,1,0,8,1,7,7,Si,https://www.losmundialesdefutbol.com/mundiales/2006_grupo_c.php,2026-03-16T23:21:23.702488
2006,C,2,Paises Bajos,3,2,1,0,3,1,2,7,Si,https://www.losmundialesdefutbol.com/mundiales/2006_grupo_c.php,2026-03-16T23:21:23.702488
2006,C,3,Costa de Marfil,3,1,0,2,5,6,-1,3,No,https://www.losmundialesdefutbol.com/mundiales/2006_grupo_c.php,2026-03-16T23:21:23.702488
2006,C,4,Serbia y Montenegro,3,0,0,3,2,10,-8,0,No,https://www.losmundialesdefutbol.com/mundiales/2006_grupo_c.php,2026-03-16T23:21:23.702488
2006,D,1,Portugal,3,3,0,0,5,1,4,9,Si,https://www.losmundialesdefutbol.com/mundiales/2006_grupo_d.php,2026-03-16T23:21:25.764516
2006,D,2,México,3,1,1,1,4,3,1,4,Si,https://www.losmundialesdefutbol.com/mundiales/2006_grupo_d.php,2026-03-16T23:21:25.764516
2006,D,3,Angola,3,0,2,1,1,2,-1,2,No,https://www.losmundialesdefutbol.com/mundiales/2006_grupo_d.php,2026-03-16T23:21:25.764516
2006,D,4,Irán,3,0,1,2,2,6,-4,1,No,https://www.losmundialesdefutbol.com/mundiales/2006_grupo_d.php,2026-03-16T23:21:25.764516
2006,E,1,Italia,3,2,1,0,5,1,4,7,Si,https://www.losmundialesdefutbol.com/mundiales/2006_grupo_e.php,2026-03-16T23:21:27.702531
2006,E,2,Ghana,3,2,0,1,4,3,1,6,Si,https://www.losmundialesdefutbol.com/mundiales/2006_grupo_e.php,2026-03-16T23:21:27.702531
2006,E,3,República Checa,3,1,0,2,3,4,-1,3,No,https://www.losmundialesdefutbol.com/mundiales/2006_grupo_e.php,2026-03-16T23:21:27.702531
2006,E,4,Estados Unidos,3,0,1,2,2,6,-4,1,No,https://www.losmundialesdefutbol.com/mundiales/2006_grupo_e.php,2026-03-16T23:21:27.702531
2006,F,1,Brasil,3,3,0,0,7,1,6,9,Si,https://www.losmundialesdefutbol.com/mundiales/2006_grupo_f.php,2026-03-16T23:21:29.744672
2006,F,2,Australia,3,1,1,1,5,5,0,4,Si,https://www.losmundialesdefutbol.com/mundiales/2006_grupo_f.php,2026-03-16T23:21:29.744672
2006,F,3,Croacia,3,0,2,1,2,3,-1,2,No,https://www.losmundialesdefutbol.com/mundiales/2006_grupo_f.php,2026-03-16T23:21:29.744672
2006,F,4,Japón,3,0,1,2,2,7,-5,1,No,https://www.losmundialesdefutbol.com/mundiales/2006_grupo_f.php,2026-03-16T23:21:29.744672
2006,G,1,Suiza,3,2,1,0,4,0,4,7,Si,https://www.losmundialesdefutbol.com/mundiales/2006_grupo_g.php,2026-03-16T23:21:31.644270
2006,G,2,Francia,3,1,2,0,3,1,2,5,Si,https://www.losmundialesdefutbol.com/mundiales/2006_grupo_g.php,2026-03-16T23:21:31.644270
2006,G,3,Corea del Sur,3,1,1,1,3,4,-1,4,No,https://www.losmundialesdefutbol.com/mundiales/2006_grupo_g.php,2026-03-16T23:21:31.644270
2006,G,4,Togo,3,0,0,3,1,6,-5,0,No,https://www.losmundialesdefutbol.com/mundiales/2006_grupo_g.php,2026-03-16T23:21:31.644270
2006,H,1,España,3,3,0,0,8,1,7,9,Si,https://www.losmundialesdefutbol.com/mundiales/2006_grupo_h.php,2026-03-16T23:21:32.867802
2006,H,2,Ucrania,3,2,0,1,5,4,1,6,Si,https://www.losmundialesdefutbol.com/mundiales/2006_grupo_h.php,2026-03-16T23:21:32.867802
2006,H,3,Túnez,3,0,1,2,3,6,-3,1,No,https://www.losmundialesdefutbol.com/mundiales/2006_grupo_h.php,2026-03-16T23:21:32.867802
2006,H,4,Arabia Saudita,3,0,1,2,2,7,-5,1,No,https://www.losmundialesdefutbol.com/mundiales/2006_grupo_h.php,2026-03-16T23:21:32.867802
2010,A,1,Uruguay,3,2,1,0,4,0,4,7,Si,https://www.losmundialesdefutbol.com/mundiales/2010_grupo_a.php,2026-03-16T23:22:46.338874
2010,A,2,México,3,1,1,1,3,2,1,4,Si,https://www.losmundialesdefutbol.com/mundiales/2010_grupo_a.php,2026-03-16T23:22:46.338874
2010,A,3,Sudáfrica,3,1,1,1,3,5,-2,4,No,https://www.losmundialesdefutbol.com/mundiales/2010_grupo_a.php,2026-03-16T23:22:46.338874
2010,A,4,Francia,3,0,1,2,1,4,-3,1,No,https://www.losmundialesdefutbol.com/mundiales/2010_grupo_a.php,2026-03-16T23:22:46.338874
2010,B,1,Argentina,3,3,0,0,7,1,6,9,Si,https://www.losmundialesdefutbol.com/mundiales/2010_grupo_b.php,2026-03-16T23:22:49.723234
2010,B,2,Corea del Sur,3,1,1,1,5,6,-1,4,Si,https://www.losmundialesdefutbol.com/mundiales/2010_grupo_b.php,2026-03-16T23:22:49.723234
2010,B,3,Grecia,3,1,0,2,2,5,-3,3,No,https://www.losmundialesdefutbol.com/mundiales/2010_grupo_b.php,2026-03-16T23:22:49.723234
2010,B,4,Nigeria,3,0,1,2,3,5,-2,1,No,https://www.losmundialesdefutbol.com/mundiales/2010_grupo_b.php,2026-03-16T23:22:49.723234
2010,C,1,Estados Unidos,3,1,2,0,4,3,1,5,Si,https://www.losmundialesdefutbol.com/mundiales/2010_grupo_c.php,2026-03-16T23:22:49.926186
2010,C,2,Inglaterra,3,1,2,0,2,1,1,5,Si,https://www.losmundialesdefutbol.com/mundiales/2010_grupo_c.php,2026-03-16T23:22:49.926186
2010,C,3,Eslovenia,3,1,1,1,3,3,0,4,No,https://www.losmundialesdefutbol.com/mundiales/2010_grupo_c.php,2026-03-16T23:22:49.926186
2010,C,4,Argelia,3,0,1,2,0,2,-2,1,No,https://www.losmundialesdefutbol.com/mundiales/2010_grupo_c.php,2026-03-16T23:22:49.926186
2010,D,1,Alemania,3,2,0,1,5,1,4,6,Si,https://www.losmundialesdefutbol.com/mundiales/2010_grupo_d.php,2026-03-16T23:22:52.063849
2010,D,2,Ghana,3,1,1,1,2,2,0,4,Si,https://www.losmundialesdefutbol.com/mundiales/2010_grupo_d.php,2026-03-16T23:22:52.063849
2010,D,3,Australia,3,1,1,1,3,6,-3,4,No,https://www.losmundialesdefutbol.com/mundiales/2010_grupo_d.php,2026-03-16T23:22:52.063849
2010,D,4,Serbia,3,1,0,2,2,3,-1,3,No,https://www.losmundialesdefutbol.com/mundiales/2010_grupo_d.php,2026-03-16T23:22:52.063849
2010,E,1,Paises Bajos,3,3,0,0,5,1,4,9,Si,https://www.losmundialesdefutbol.com/mundiales/2010_grupo_e.php,2026-03-16T23:22:54.330140
2010,E,2,Japón,3,2,0,1,4,2,2,6,Si,https://www.losmundialesdefutbol.com/mundiales/2010_grupo_e.php,2026-03-16T23:22:54.330140
2010,E,3,Dinamarca,3,1,0,2,3,6,-3,3,No,https://www.losmundialesdefutbol.com/mundiales/2010_grupo_e.php,2026-03-16T23:22:54.330140
2010,E,4,Camerún,3,0,0,3,2,5,-3,0,No,https://www.losmundialesdefutbol.com/mundiales/2010_grupo_e.php,2026-03-16T23:22:54.330140
2010,F,1,Paraguay,3,1,2,0,3,1,2,5,Si,https://www.losmundialesdefutbol.com/mundiales/2010_grupo_f.php,2026-03-16T23:22:56.987081
2010,F,2,Eslovaquia,3,1,1,1,4,5,-1,4,Si,https://www.losmundialesdefutbol.com/mundiales/2010_grupo_f.php,2026-03-16T23:22:56.987081
2010,F,3,Nueva Zelanda,3,0,3,0,2,2,0,3,No,https://www.losmundialesdefutbol.com/mundiales/2010_grupo_f.php,2026-03-16T23:22:56.987081
2010,F,4,Italia,3,0,2,1,4,5,-1,2,No,https://www.losmundialesdefutbol.com/mundiales/2010_grupo_f.php,2026-03-16T23:22:56.987081
2010,G,1,Brasil,3,2,1,0,5,2,3,7,Si,https://www.losmundialesdefutbol.com/mundiales/2010_grupo_g.php,2026-03-16T23:22:57.402987
2010,G,2,Portugal,3,1,2,0,7,0,7,5,Si,https://www.losmundialesdefutbol.com/mundiales/2010_grupo_g.php,2026-03-16T23:22:57.402987
2010,G,3,Costa de Marfil,3,1,1,1,4,3,1,4,No,https://www.losmundialesdefutbol.com/mundiales/2010_grupo_g.php,2026-03-16T23:22:57.402987
2010,G,4,Corea del Norte,3,0,0,3,1,12,-11,0,No,https://www.losmundialesdefutbol.com/mundiales/2010_grupo_g.php,2026-03-16T23:22:57.402987
2010,H,1,España,3,2,0,1,4,2,2,6,Si,https://www.losmundialesdefutbol.com/mundiales/2010_grupo_h.php,2026-03-16T23:22:59.445756
2010,H,2,Chile,3,2,0,1,3,2,1,6,Si,https://www.losmundialesdefutbol.com/mundiales/2010_grupo_h.php,2026-03-16T23:22:59.445756
2010,H,3,Suiza,3,1,1,1,1,1,0,4,No,https://www.losmundialesdefutbol.com/mundiales/2010_grupo_h.php,2026-03-16T23:22:59.445756
2010,H,4,Honduras,3,0,1,2,0,3,-3,1,No,https://www.losmundialesdefutbol.com/mundiales/2010_grupo_h.php,2026-03-16T23:22:59.445756
2014,A,1,Brasil,3,2,1,0,7,2,5,7,Si,https://www.losmundialesdefutbol.com/mundiales/2014_grupo_a.php,2026-03-16T23:24:09.646137
2014,A,2,México,3,2,1,0,4,1,3,7,Si,https://www.losmundialesdefutbol.com/mundiales/2014_grupo_a.php,2026-03-16T23:24:09.646137
2014,A,3,Croacia,3,1,0,2,6,6,0,3,No,https://www.losmundialesdefutbol.com/mundiales/2014_grupo_a.php,2026-03-16T23:24:09.646137
2014,A,4,Camerún,3,0,0,3,1,9,-8,0,No,https://www.losmundialesdefutbol.com/mundiales/2014_grupo_a.php,2026-03-16T23:24:09.646137
2014,B,1,Paises Bajos,3,3,0,0,10,3,7,9,Si,https://www.losmundialesdefutbol.com/mundiales/2014_grupo_b.php,2026-03-16T23:24:11.763353
2014,B,2,Chile,3,2,0,1,5,3,2,6,Si,https://www.losmundialesdefutbol.com/mundiales/2014_grupo_b.php,2026-03-16T23:24:11.763353
2014,B,3,España,3,1,0,2,4,7,-3,3,No,https://www.losmundialesdefutbol.com/mundiales/2014_grupo_b.php,2026-03-16T23:24:11.763353
2014,B,4,Australia,3,0,0,3,3,9,-6,0,No,https://www.losmundialesdefutbol.com/mundiales/2014_grupo_b.php,2026-03-16T23:24:11.763353
2014,C,1,Colombia,3,3,0,0,9,2,7,9,Si,https://www.losmundialesdefutbol.com/mundiales/2014_grupo_c.php,2026-03-16T23:24:13.052246
2014,C,2,Grecia,3,1,1,1,2,4,-2,4,Si,https://www.losmundialesdefutbol.com/mundiales/2014_grupo_c.php,2026-03-16T23:24:13.052246
2014,C,3,Costa de Marfil,3,1,0,2,4,5,-1,3,No,https://www.losmundialesdefutbol.com/mundiales/2014_grupo_c.php,2026-03-16T23:24:13.052246
2014,C,4,Japón,3,0,1,2,2,6,-4,1,No,https://www.losmundialesdefutbol.com/mundiales/2014_grupo_c.php,2026-03-16T23:24:13.052246
2014,D,1,Costa Rica,3,2,1,0,4,1,3,7,Si,https://www.losmundialesdefutbol.com/mundiales/2014_grupo_d.php,2026-03-16T23:24:14.823501
2014,D,2,Uruguay,3,2,0,1,4,4,0,6,Si,https://www.losmundialesdefutbol.com/mundiales/2014_grupo_d.php,2026-03-16T23:24:14.823501
2014,D,3,Italia,3,1,0,2,2,3,-1,3,No,https://www.losmundialesdefutbol.com/mundiales/2014_grupo_d.php,2026-03-16T23:24:14.823501
2014,D,4,Inglaterra,3,0,1,2,2,4,-2,1,No,https://www.losmundialesdefutbol.com/mundiales/2014_grupo_d.php,2026-03-16T23:24:14.823501
2014,E,1,Francia,3,2,1,0,8,2,6,7,Si,https://www.losmundialesdefutbol.com/mundiales/2014_grupo_e.php,2026-03-16T23:24:16.766584
2014,E,2,Suiza,3,2,0,1,7,6,1,6,Si,https://www.losmundialesdefutbol.com/mundiales/2014_grupo_e.php,2026-03-16T23:24:16.766584
2014,E,3,Ecuador,3,1,1,1,3,3,0,4,No,https://www.losmundialesdefutbol.com/mundiales/2014_grupo_e.php,2026-03-16T23:24:16.766584
2014,E,4,Honduras,3,0,0,3,1,8,-7,0,No,https://www.losmundialesdefutbol.com/mundiales/2014_grupo_e.php,2026-03-16T23:24:16.766584
2014,F,1,Argentina,3,3,0,0,6,3,3,9,Si,https://www.losmundialesdefutbol.com/mundiales/2014_grupo_f.php,2026-03-16T23:24:18.603473
2014,F,2,Nigeria,3,1,1,1,3,3,0,4,Si,https://www.losmundialesdefutbol.com/mundiales/2014_grupo_f.php,2026-03-16T23:24:18.603473
2014,F,3,Bosnia-Herzegovina,3,1,0,2,4,4,0,3,No,https://www.losmundialesdefutbol.com/mundiales/2014_grupo_f.php,2026-03-16T23:24:18.603473
2014,F,4,Irán,3,0,1,2,1,4,-3,1,No,https://www.losmundialesdefutbol.com/mundiales/2014_grupo_f.php,2026-03-16T23:24:18.603473
2014,G,1,Alemania,3,2,1,0,7,2,5,7,Si,https://www.losmundialesdefutbol.com/mundiales/2014_grupo_g.php,2026-03-16T23:24:19.644533
2014,G,2,Estados Unidos,3,1,1,1,4,4,0,4,Si,https://www.losmundialesdefutbol.com/mundiales/2014_grupo_g.php,2026-03-16T23:24:19.644533
2014,G,3,Portugal,3,1,1,1,4,7,-3,4,No,https://www.losmundialesdefutbol.com/mundiales/2014_grupo_g.php,2026-03-16T23:24:19.644533
2014,G,4,Ghana,3,0,1,2,4,6,-2,1,No,https://www.losmundialesdefutbol.com/mundiales/2014_grupo_g.php,2026-03-16T23:24:19.644533
2014,H,1,Bélgica,3,3,0,0,4,1,3,9,Si,https://www.losmundialesdefutbol.com/mundiales/2014_grupo_h.php,2026-03-16T23:24:21.698818
2014,H,2,Argelia,3,1,1,1,6,5,1,4,Si,https://www.losmundialesdefutbol.com/mundiales/2014_grupo_h.php,2026-03-16T23:24:21.698818
2014,H,3,Rusia,3,0,2,1,2,3,-1,2,No,https://www.losmundialesdefutbol.com/mundiales/2014_grupo_h.php,2026-03-16T23:24:21.698818
2014,H,4,Corea del Sur,3,0,1,2,3,6,-3,1,No,https://www.losmundialesdefutbol.com/mundiales/2014_grupo_h.php,2026-03-16T23:24:21.698818
2018,A,1,Uruguay,3,3,0,0,5,0,5,9,Si,https://www.losmundialesdefutbol.com/mundiales/2018_grupo_a.php,2026-03-16T23:25:30.082348
2018,A,2,Rusia,3,2,0,1,8,4,4,6,Si,https://www.losmundialesdefutbol.com/mundiales/2018_grupo_a.php,2026-03-16T23:25:30.082348
2018,A,3,Arabia Saudita,3,1,0,2,2,7,-5,3,No,https://www.losmundialesdefutbol.com/mundiales/2018_grupo_a.php,2026-03-16T23:25:30.082348
2018,A,4,Egipto,3,0,0,3,2,6,-4,0,No,https://www.losmundialesdefutbol.com/mundiales/2018_grupo_a.php,2026-03-16T23:25:30.082348
2018,B,1,España,3,1,2,0,6,5,1,5,Si,https://www.losmundialesdefutbol.com/mundiales/2018_grupo_b.php,2026-03-16T23:25:31.850272
2018,B,2,Portugal,3,1,2,0,5,4,1,5,Si,https://www.losmundialesdefutbol.com/mundiales/2018_grupo_b.php,2026-03-16T23:25:31.850272
2018,B,3,Irán,3,1,1,1,2,2,0,4,No,https://www.losmundialesdefutbol.com/mundiales/2018_grupo_b.php,2026-03-16T23:25:31.850272
2018,B,4,Marruecos,3,0,1,2,2,4,-2,1,No,https://www.losmundialesdefutbol.com/mundiales/2018_grupo_b.php,2026-03-16T23:25:31.850272
2018,C,1,Francia,3,2,1,0,3,1,2,7,Si,https://www.losmundialesdefutbol.com/mundiales/2018_grupo_c.php,2026-03-16T23:25:35.717715
2018,C,2,Dinamarca,3,1,2,0,2,1,1,5,Si,https://www.losmundialesdefutbol.com/mundiales/2018_grupo_c.php,2026-03-16T23:25:35.717715
2018,C,3,Perú,3,1,0,2,2,2,0,3,No,https://www.losmundialesdefutbol.com/mundiales/2018_grupo_c.php,2026-03-16T23:25:35.717715
2018,C,4,Australia,3,0,1,2,2,5,-3,1,No,https://www.losmundialesdefutbol.com/mundiales/2018_grupo_c.php,2026-03-16T23:25:35.717715
2018,D,1,Croacia,3,3,0,0,7,1,6,9,Si,https://www.losmundialesdefutbol.com/mundiales/2018_grupo_d.php,2026-03-16T23:25:35.919067
2018,D,2,Argentina,3,1,1,1,3,5,-2,4,Si,https://www.losmundialesdefutbol.com/mundiales/2018_grupo_d.php,2026-03-16T23:25:35.919067
2018,D,3,Nigeria,3,1,0,2,3,4,-1,3,No,https://www.losmundialesdefutbol.com/mundiales/2018_grupo_d.php,2026-03-16T23:25:35.919067
2018,D,4,Islandia,3,0,1,2,2,5,-3,1,No,https://www.losmundialesdefutbol.com/mundiales/2018_grupo_d.php,2026-03-16T23:25:35.919067
2018,E,1,Brasil,3,2,1,0,5,1,4,7,Si,https://www.losmundialesdefutbol.com/mundiales/2018_grupo_e.php,2026-03-16T23:25:38.484723
2018,E,2,Suiza,3,1,2,0,5,4,1,5,Si,https://www.losmundialesdefutbol.com/mundiales/2018_grupo_e.php,2026-03-16T23:25:38.484723
2018,E,3,Serbia,3,1,0,2,2,4,-2,3,No,https://www.losmundialesdefutbol.com/mundiales/2018_grupo_e.php,2026-03-16T23:25:38.484723
2018,E,4,Costa Rica,3,0,1,2,2,5,-3,1,No,https://www.losmundialesdefutbol.com/mundiales/2018_grupo_e.php,2026-03-16T23:25:38.484723
2018,F,1,Suecia,3,2,0,1,5,2,3,6,Si,https://www.losmundialesdefutbol.com/mundiales/2018_grupo_f.php,2026-03-16T23:25:39.633402
2018,F,2,México,3,2,0,1,3,4,-1,6,Si,https://www.losmundialesdefutbol.com/mundiales/2018_grupo_f.php,2026-03-16T23:25:39.633402
2018,F,3,Corea del Sur,3,1,0,2,3,3,0,3,No,https://www.losmundialesdefutbol.com/mundiales/2018_grupo_f.php,2026-03-16T23:25:39.633402
2018,F,4,Alemania,3,1,0,2,2,4,-2,3,No,https://www.losmundialesdefutbol.com/mundiales/2018_grupo_f.php,2026-03-16T23:25:39.633402
2018,G,1,Bélgica,3,3,0,0,9,2,7,9,Si,https://www.losmundialesdefutbol.com/mundiales/2018_grupo_g.php,2026-03-16T23:25:41.263247
2018,G,2,Inglaterra,3,2,0,1,8,3,5,6,Si,https://www.losmundialesdefutbol.com/mundiales/2018_grupo_g.php,2026-03-16T23:25:41.263247
2018,G,3,Túnez,3,1,0,2,5,8,-3,3,No,https://www.losmundialesdefutbol.com/mundiales/2018_grupo_g.php,2026-03-16T23:25:41.263247
2018,G,4,Panamá,3,0,0,3,2,11,-9,0,No,https://www.losmundialesdefutbol.com/mundiales/2018_grupo_g.php,2026-03-16T23:25:41.263247
2018,H,1,Colombia,3,2,0,1,5,2,3,6,Si,https://www.losmundialesdefutbol.com/mundiales/2018_grupo_h.php,2026-03-16T23:25:43.502673
2018,H,2,Japón,3,1,1,1,4,4,0,4,Si,https://www.losmundialesdefutbol.com/mundiales/2018_grupo_h.php,2026-03-16T23:25:43.502673
2018,H,3,Senegal,3,1,1,1,4,4,0,4,No,https://www.losmundialesdefutbol.com/mundiales/2018_grupo_h.php,2026-03-16T23:25:43.502673
2018,H,4,Polonia,3,1,0,2,2,5,-3,3,No,https://www.losmundialesdefutbol.com/mundiales/2018_grupo_h.php,2026-03-16T23:25:43.502673
